Nome_do_modelo,Operacao,Resultado_do_modelo,Resposta_bruta,Resultado_original,Acerto_da_operacao,Acerto_do_formato_de_resposta,Conta
dots-3-note-preview:free,2 dígitos,2052.0,2052,2052,True,True,76x27 = ?
dots-3-note-preview:free,2 dígitos,6231.0,6231,6231,True,True,93x67 = ?
dots-3-note-preview:free,2 dígitos,5472.0,5472,5472,True,True,96x57 = ?
dots-3-note-preview:free,2 dígitos,3486.0,3486,3486,True,True,83x42 = ?
dots-3-note-preview:free,2 dígitos,1960.0,1960,1960,True,True,56x35 = ?
dots-3-note-preview:free,2 dígitos,8184.0,8184,8184,True,True,93x88 = ?
dots-3-note-preview:free,2 dígitos,4140.0,4140,4140,True,True,46x90 = ?
dots-3-note-preview:free,2 dígitos,4602.0,4602,4602,True,True,78x59 = ?
dots-3-note-preview:free,2 dígitos,5005.0,5005,5005,True,True,65x77 = ?
dots-3-note-preview:free,2 dígitos,1128.0,1128,1128,True,True,12x94 = ?
dots-3-note-preview:free,2 dígitos,3724.0,3724,3724,True,True,49x76 = ?
dots-3-note-preview:free,2 dígitos,5358.0,5358,5358,True,True,94x57 = ?
dots-3-note-preview:free,2 dígitos,4118.0,4118,4118,True,True,71x58 = ?
dots-3-note-preview:free,2 dígitos,1054.0,1054,1054,True,True,17x62 = ?
dots-3-note-preview:free,2 dígitos,3515.0,3515,3515,True,True,95x37 = ?
dots-3-note-preview:free,2 dígitos,3784.0,3784,3784,True,True,44x86 = ?
dots-3-note-preview:free,2 dígitos,650.0,650,650,True,True,50x13 = ?
dots-3-note-preview:free,2 dígitos,5846.0,5846,5846,True,True,79x74 = ?
dots-3-note-preview:free,2 dígitos,3740.0,3740,3740,True,True,85x44 = ?
dots-3-note-preview:free,2 dígitos,1360.0,1360,1360,True,True,68x20 = ?
dots-3-note-preview:free,2 dígitos,2784.0,2784,2784,True,True,32x87 = ?
dots-3-note-preview:free,2 dígitos,700.0,700,700,True,True,28x25 = ?
dots-3-note-preview:free,2 dígitos,1480.0,1480,1480,True,True,37x40 = ?
dots-3-note-preview:free,2 dígitos,4960.0,4960,4960,True,True,62x80 = ?
dots-3-note-preview:free,2 dígitos,3240.0,3240,3240,True,True,36x90 = ?
dots-3-note-preview:free,2 dígitos,384.0,384,384,True,True,16x24 = ?
dots-3-note-preview:free,2 dígitos,5440.0,5440,5440,True,True,85x64 = ?
dots-3-note-preview:free,2 dígitos,891.0,891,891,True,True,81x11 = ?
dots-3-note-preview:free,2 dígitos,3604.0,3604,3604,True,True,53x68 = ?
dots-3-note-preview:free,2 dígitos,2275.0,2275,2275,True,True,65x35 = ?
dots-3-note-preview:free,2 dígitos,5640.0,5640,5640,True,True,60x94 = ?
dots-3-note-preview:free,2 dígitos,3894.0,3894,3894,True,True,66x59 = ?
dots-3-note-preview:free,2 dígitos,616.0,616,616,True,True,22x28 = ?
dots-3-note-preview:free,2 dígitos,1001.0,1001,1001,True,True,91x11 = ?
dots-3-note-preview:free,2 dígitos,3294.0,3294,3294,True,True,61x54 = ?
dots-3-note-preview:free,2 dígitos,3828.0,3828,3828,True,True,58x66 = ?
dots-3-note-preview:free,2 dígitos,5664.0,5664,5664,True,True,59x96 = ?
dots-3-note-preview:free,2 dígitos,1001.0,1001,1001,True,True,13x77 = ?
dots-3-note-preview:free,2 dígitos,651.0,651,651,True,True,21x31 = ?
dots-3-note-preview:free,2 dígitos,1287.0,1287,1287,True,True,99x13 = ?
dots-3-note-preview:free,2 dígitos,273.0,273,273,True,True,21x13 = ?
dots-3-note-preview:free,2 dígitos,304.0,304,304,True,True,16x19 = ?
dots-3-note-preview:free,2 dígitos,2328.0,2328,2328,True,True,97x24 = ?
dots-3-note-preview:free,2 dígitos,7440.0,7440,7440,True,True,93x80 = ?
dots-3-note-preview:free,2 dígitos,1408.0,1408,1408,True,True,22x64 = ?
dots-3-note-preview:free,2 dígitos,1776.0,1776,1776,True,True,37x48 = ?
dots-3-note-preview:free,2 dígitos,1917.0,1917,1917,True,True,27x71 = ?
dots-3-note-preview:free,2 dígitos,6300.0,6300,6300,True,True,84x75 = ?
dots-3-note-preview:free,2 dígitos,1482.0,1482,1482,True,True,57x26 = ?
dots-3-note-preview:free,2 dígitos,1440.0,1440,1440,True,True,15x96 = ?
liquid/lfm-2.5-2.6b:free,2 dígitos,2052.0,2052,2052,True,True,76x27 = ?
nvidia/nemotron-3.5-lightning:free,2 dígitos,2052.0,2052,2052,True,True,76x27 = ?
poolside/laguna-s-2.1:free,2 dígitos,2052.0,2052,2052,True,True,76x27 = ?
poolside/laguna-xs-2.1:free,2 dígitos,2052.0,2052,2052,True,True,76x27 = ?
cohere/north-mini-code:free,2 dígitos,2052.0,2052,2052,True,True,76x27 = ?
nvidia/nemotron-3.5-content-safety:free,2 dígitos,,User Safety: safe,2052,False,False,76x27 = ?
minimax/minimax-m3:free,2 dígitos,2052.0,2052,2052,True,True,76x27 = ?
nvidia/nemotron-3-nano-omni-30b-a3b-reasoning:free,2 dígitos,2052.0,2052,2052,True,True,76x27 = ?
minimax/minimax-m2.7:free,2 dígitos,2052.0,2052,2052,True,True,76x27 = ?
nvidia/nemotron-3-super-120b-a12b:free,2 dígitos,2052.0,2052,2052,True,True,76x27 = ?
liquid/lfm-2.5-2.6b:free,2 dígitos,6231.0,6231,6231,True,True,93x67 = ?
nvidia/nemotron-3.5-lightning:free,2 dígitos,6231.0,6231,6231,True,True,93x67 = ?
poolside/laguna-s-2.1:free,2 dígitos,6231.0,6231,6231,True,True,93x67 = ?
poolside/laguna-xs-2.1:free,2 dígitos,6231.0,6231,6231,True,True,93x67 = ?
cohere/north-mini-code:free,2 dígitos,6231.0,6231,6231,True,True,93x67 = ?
nvidia/nemotron-3.5-content-safety:free,2 dígitos,,User Safety: safe,6231,False,False,93x67 = ?
nvidia/nemotron-3-ultra-550b-a55b:free,2 dígitos,6231.0,6231,6231,True,True,93x67 = ?
minimax/minimax-m3:free,2 dígitos,6231.0,6231,6231,True,True,93x67 = ?
nvidia/nemotron-3-nano-omni-30b-a3b-reasoning:free,2 dígitos,6231.0,6231,6231,True,True,93x67 = ?
minimax/minimax-m2.7:free,2 dígitos,6231.0,6231,6231,True,True,93x67 = ?
nvidia/nemotron-3-super-120b-a12b:free,2 dígitos,6231.0,6231,6231,True,True,93x67 = ?
liquid/lfm-2.5-2.6b:free,2 dígitos,5472.0,5472,5472,True,True,96x57 = ?
nvidia/nemotron-3.5-lightning:free,2 dígitos,5472.0,5472,5472,True,True,96x57 = ?
nvidia/nemotron-3-ultra-550b-a55b:free,2 dígitos,2052.0,2052,2052,True,True,76x27 = ?
poolside/laguna-s-2.1:free,2 dígitos,5472.0,5472,5472,True,True,96x57 = ?
poolside/laguna-xs-2.1:free,2 dígitos,5472.0,5472,5472,True,True,96x57 = ?
cohere/north-mini-code:free,2 dígitos,5472.0,5472,5472,True,True,96x57 = ?
nvidia/nemotron-3.5-content-safety:free,2 dígitos,,User Safety: safe,5472,False,False,96x57 = ?
nvidia/nemotron-3-ultra-550b-a55b:free,2 dígitos,5472.0,5472,5472,True,True,96x57 = ?
minimax/minimax-m3:free,2 dígitos,5472.0,5472,5472,True,True,96x57 = ?
nvidia/nemotron-3-nano-omni-30b-a3b-reasoning:free,2 dígitos,5472.0,5472,5472,True,True,96x57 = ?
minimax/minimax-m2.7:free,2 dígitos,5472.0,5472,5472,True,True,96x57 = ?
nvidia/nemotron-3-super-120b-a12b:free,2 dígitos,5472.0,5472,5472,True,True,96x57 = ?
liquid/lfm-2.5-2.6b:free,2 dígitos,3486.0,3486,3486,True,True,83x42 = ?
nvidia/nemotron-3.5-lightning:free,2 dígitos,3486.0,3486,3486,True,True,83x42 = ?
poolside/laguna-s-2.1:free,2 dígitos,3486.0,3486,3486,True,True,83x42 = ?
cohere/north-mini-code:free,2 dígitos,3486.0,3486,3486,True,True,83x42 = ?
poolside/laguna-xs-2.1:free,2 dígitos,3486.0,3486,3486,True,True,83x42 = ?
nvidia/nemotron-3.5-content-safety:free,2 dígitos,,User Safety: safe,3486,False,False,83x42 = ?
nvidia/nemotron-3-ultra-550b-a55b:free,2 dígitos,3486.0,3486,3486,True,True,83x42 = ?
nvidia/nemotron-3-nano-omni-30b-a3b-reasoning:free,2 dígitos,3486.0,3486,3486,True,True,83x42 = ?
liquid/lfm-2.5-2.6b:free,2 dígitos,1960.0,1960,1960,True,True,56x35 = ?
nvidia/nemotron-3-super-120b-a12b:free,2 dígitos,3486.0,3486,3486,True,True,83x42 = ?
minimax/minimax-m2.7:free,2 dígitos,3486.0,3486,3486,True,True,83x42 = ?
nvidia/nemotron-3.5-lightning:free,2 dígitos,1960.0,1960,1960,True,True,56x35 = ?
nvidia/nemotron-3-ultra-550b-a55b:free,2 dígitos,1960.0,1960,1960,True,True,56x35 = ?
nvidia/nemotron-3-nano-omni-30b-a3b-reasoning:free,2 dígitos,1960.0,1960,1960,True,True,56x35 = ?
minimax/minimax-m2.7:free,2 dígitos,1960.0,1960,1960,True,True,56x35 = ?
nvidia/nemotron-3-super-120b-a12b:free,2 dígitos,1960.0,1960,1960,True,True,56x35 = ?
liquid/lfm-2.5-2.6b:free,2 dígitos,8184.0,8184,8184,True,True,93x88 = ?
nvidia/nemotron-3.5-lightning:free,2 dígitos,8184.0,8184,8184,True,True,93x88 = ?
poolside/laguna-s-2.1:free,2 dígitos,8184.0,8184,8184,True,True,93x88 = ?
poolside/laguna-xs-2.1:free,2 dígitos,8184.0,8184,8184,True,True,93x88 = ?
cohere/north-mini-code:free,2 dígitos,8184.0,8184,8184,True,True,93x88 = ?
nvidia/nemotron-3.5-content-safety:free,2 dígitos,,User Safety: safe,8184,False,False,93x88 = ?
nvidia/nemotron-3-ultra-550b-a55b:free,2 dígitos,8184.0,8184,8184,True,True,93x88 = ?
nvidia/nemotron-3-nano-omni-30b-a3b-reasoning:free,2 dígitos,8184.0,8184,8184,True,True,93x88 = ?
minimax/minimax-m2.7:free,2 dígitos,8184.0,8184,8184,True,True,93x88 = ?
nvidia/nemotron-3-super-120b-a12b:free,2 dígitos,8184.0,8184,8184,True,True,93x88 = ?
nvidia/nemotron-3.5-content-safety:free,2 dígitos,,User Safety: safe,1960,False,False,56x35 = ?
cohere/north-mini-code:free,2 dígitos,1960.0,1960,1960,True,True,56x35 = ?
poolside/laguna-xs-2.1:free,2 dígitos,56351960.0,56x35 = 1960,1960,False,False,56x35 = ?
poolside/laguna-s-2.1:free,2 dígitos,1960.0,1960,1960,True,True,56x35 = ?
liquid/lfm-2.5-2.6b:free,2 dígitos,4140.0,4140,4140,True,True,46x90 = ?
nvidia/nemotron-3.5-lightning:free,2 dígitos,4140.0,4140,4140,True,True,46x90 = ?
poolside/laguna-s-2.1:free,2 dígitos,4140.0,4140,4140,True,True,46x90 = ?
poolside/laguna-xs-2.1:free,2 dígitos,4140.0,4140,4140,True,True,46x90 = ?
cohere/north-mini-code:free,2 dígitos,4140.0,4140,4140,True,True,46x90 = ?
nvidia/nemotron-3.5-content-safety:free,2 dígitos,,User Safety: safe,4140,False,False,46x90 = ?
nvidia/nemotron-3-nano-omni-30b-a3b-reasoning:free,2 dígitos,4140.0,4140,4140,True,True,46x90 = ?
minimax/minimax-m2.7:free,2 dígitos,4140.0,4140,4140,True,True,46x90 = ?
nvidia/nemotron-3-super-120b-a12b:free,2 dígitos,4140.0,4140,4140,True,True,46x90 = ?
liquid/lfm-2.5-2.6b:free,2 dígitos,4602.0,4602,4602,True,True,78x59 = ?
nvidia/nemotron-3.5-lightning:free,2 dígitos,4602.0,4602,4602,True,True,78x59 = ?
poolside/laguna-s-2.1:free,2 dígitos,4602.0,4602,4602,True,True,78x59 = ?
cohere/north-mini-code:free,2 dígitos,4602.0,4602,4602,True,True,78x59 = ?
nvidia/nemotron-3.5-content-safety:free,2 dígitos,,User Safety: safe,4602,False,False,78x59 = ?
nvidia/nemotron-3-nano-omni-30b-a3b-reasoning:free,2 dígitos,4602.0,4602,4602,True,True,78x59 = ?
minimax/minimax-m2.7:free,2 dígitos,4602.0,4602,4602,True,True,78x59 = ?
nvidia/nemotron-3-super-120b-a12b:free,2 dígitos,4602.0,4602,4602,True,True,78x59 = ?
liquid/lfm-2.5-2.6b:free,2 dígitos,5005.0,5005,5005,True,True,65x77 = ?
nvidia/nemotron-3.5-lightning:free,2 dígitos,5005.0,5005,5005,True,True,65x77 = ?
poolside/laguna-s-2.1:free,2 dígitos,5005.0,5005,5005,True,True,65x77 = ?
poolside/laguna-xs-2.1:free,2 dígitos,5005.0,5005,5005,True,True,65x77 = ?
cohere/north-mini-code:free,2 dígitos,5005.0,5005,5005,True,True,65x77 = ?
nvidia/nemotron-3.5-content-safety:free,2 dígitos,,User Safety: safe,5005,False,False,65x77 = ?
nvidia/nemotron-3-ultra-550b-a55b:free,2 dígitos,5005.0,5005,5005,True,True,65x77 = ?
nvidia/nemotron-3-ultra-550b-a55b:free,2 dígitos,4140.0,4140,4140,True,True,46x90 = ?
nvidia/nemotron-3-ultra-550b-a55b:free,2 dígitos,4602.0,4602,4602,True,True,78x59 = ?
nvidia/nemotron-3-nano-omni-30b-a3b-reasoning:free,2 dígitos,5005.0,5005,5005,True,True,65x77 = ?
minimax/minimax-m2.7:free,2 dígitos,5005.0,5005,5005,True,True,65x77 = ?
nvidia/nemotron-3-super-120b-a12b:free,2 dígitos,5005.0,5005,5005,True,True,65x77 = ?
liquid/lfm-2.5-2.6b:free,2 dígitos,1128.0,1128,1128,True,True,12x94 = ?
nvidia/nemotron-3.5-lightning:free,2 dígitos,1128.0,1128,1128,True,True,12x94 = ?
poolside/laguna-xs-2.1:free,2 dígitos,1128.0,1128,1128,True,True,12x94 = ?
cohere/north-mini-code:free,2 dígitos,1128.0,1128,1128,True,True,12x94 = ?
nvidia/nemotron-3.5-content-safety:free,2 dígitos,,User Safety: safe,1128,False,False,12x94 = ?
poolside/laguna-xs-2.1:free,2 dígitos,4602.0,4602,4602,True,True,78x59 = ?
poolside/laguna-s-2.1:free,2 dígitos,1128.0,1128,1128,True,True,12x94 = ?
nvidia/nemotron-3-ultra-550b-a55b:free,2 dígitos,1128.0,1128,1128,True,True,12x94 = ?
minimax/minimax-m2.7:free,2 dígitos,1128.0,"
1128",1128,True,True,12x94 = ?
nvidia/nemotron-3-super-120b-a12b:free,2 dígitos,1128.0,1128,1128,True,True,12x94 = ?
liquid/lfm-2.5-2.6b:free,2 dígitos,3724.0,3724,3724,True,True,49x76 = ?
nvidia/nemotron-3.5-lightning:free,2 dígitos,3724.0,3724,3724,True,True,49x76 = ?
cohere/north-mini-code:free,2 dígitos,3724.0,3724,3724,True,True,49x76 = ?
nvidia/nemotron-3.5-content-safety:free,2 dígitos,,User Safety: safe,3724,False,False,49x76 = ?
nvidia/nemotron-3-ultra-550b-a55b:free,2 dígitos,3724.0,3724,3724,True,True,49x76 = ?
nvidia/nemotron-3-nano-omni-30b-a3b-reasoning:free,2 dígitos,3724.0,3724,3724,True,True,49x76 = ?
minimax/minimax-m2.7:free,2 dígitos,3724.0,3724,3724,True,True,49x76 = ?
nvidia/nemotron-3-super-120b-a12b:free,2 dígitos,3724.0,3724,3724,True,True,49x76 = ?
liquid/lfm-2.5-2.6b:free,2 dígitos,5358.0,5358,5358,True,True,94x57 = ?
nvidia/nemotron-3.5-lightning:free,2 dígitos,5358.0,5358,5358,True,True,94x57 = ?
poolside/laguna-s-2.1:free,2 dígitos,5358.0,5358,5358,True,True,94x57 = ?
nvidia/nemotron-3-nano-omni-30b-a3b-reasoning:free,2 dígitos,1128.0,1128,1128,True,True,12x94 = ?
poolside/laguna-s-2.1:free,2 dígitos,3724.0,3724,3724,True,True,49x76 = ?
poolside/laguna-xs-2.1:free,2 dígitos,3724.0,3724,3724,True,True,49x76 = ?
cohere/north-mini-code:free,2 dígitos,5358.0,5358,5358,True,True,94x57 = ?
nvidia/nemotron-3-ultra-550b-a55b:free,2 dígitos,5358.0,5358,5358,True,True,94x57 = ?
nvidia/nemotron-3-nano-omni-30b-a3b-reasoning:free,2 dígitos,5358.0,5358,5358,True,True,94x57 = ?
minimax/minimax-m2.7:free,2 dígitos,5358.0,5358,5358,True,True,94x57 = ?
nvidia/nemotron-3-super-120b-a12b:free,2 dígitos,5358.0,5358,5358,True,True,94x57 = ?
liquid/lfm-2.5-2.6b:free,2 dígitos,4118.0,4118,4118,True,True,71x58 = ?
nvidia/nemotron-3.5-lightning:free,2 dígitos,4118.0,4118,4118,True,True,71x58 = ?
poolside/laguna-s-2.1:free,2 dígitos,4118.0,4118,4118,True,True,71x58 = ?
poolside/laguna-xs-2.1:free,2 dígitos,4118.0,4118,4118,True,True,71x58 = ?
cohere/north-mini-code:free,2 dígitos,4118.0,4118,4118,True,True,71x58 = ?
nvidia/nemotron-3-nano-omni-30b-a3b-reasoning:free,2 dígitos,4118.0,4118,4118,True,True,71x58 = ?
minimax/minimax-m2.7:free,2 dígitos,4118.0,4118,4118,True,True,71x58 = ?
nvidia/nemotron-3-super-120b-a12b:free,2 dígitos,4118.0,4118,4118,True,True,71x58 = ?
liquid/lfm-2.5-2.6b:free,2 dígitos,1054.0,1054,1054,True,True,17x62 = ?
nvidia/nemotron-3.5-lightning:free,2 dígitos,1054.0,1054,1054,True,True,17x62 = ?
poolside/laguna-s-2.1:free,2 dígitos,1054.0,1054,1054,True,True,17x62 = ?
cohere/north-mini-code:free,2 dígitos,1054.0,1054,1054,True,True,17x62 = ?
nvidia/nemotron-3-ultra-550b-a55b:free,2 dígitos,1054.0,1054,1054,True,True,17x62 = ?
minimax/minimax-m2.7:free,2 dígitos,1054.0,1054,1054,True,True,17x62 = ?
nvidia/nemotron-3-super-120b-a12b:free,2 dígitos,1054.0,1054,1054,True,True,17x62 = ?
liquid/lfm-2.5-2.6b:free,2 dígitos,3515.0,3515,3515,True,True,95x37 = ?
nvidia/nemotron-3.5-lightning:free,2 dígitos,3515.0,3515,3515,True,True,95x37 = ?
cohere/north-mini-code:free,2 dígitos,3515.0,3515,3515,True,True,95x37 = ?
nvidia/nemotron-3-ultra-550b-a55b:free,2 dígitos,3515.0,3515,3515,True,True,95x37 = ?
nvidia/nemotron-3-nano-omni-30b-a3b-reasoning:free,2 dígitos,3515.0,3515,3515,True,True,95x37 = ?
minimax/minimax-m2.7:free,2 dígitos,3515.0,3515,3515,True,True,95x37 = ?
nvidia/nemotron-3-super-120b-a12b:free,2 dígitos,3515.0,3515,3515,True,True,95x37 = ?
liquid/lfm-2.5-2.6b:free,2 dígitos,3784.0,3784,3784,True,True,44x86 = ?
nvidia/nemotron-3.5-lightning:free,2 dígitos,3784.0,3784,3784,True,True,44x86 = ?
poolside/laguna-s-2.1:free,2 dígitos,3784.0,3784,3784,True,True,44x86 = ?
cohere/north-mini-code:free,2 dígitos,3784.0,3784,3784,True,True,44x86 = ?
nvidia/nemotron-3-ultra-550b-a55b:free,2 dígitos,3784.0,3784,3784,True,True,44x86 = ?
nvidia/nemotron-3-nano-omni-30b-a3b-reasoning:free,2 dígitos,3784.0,3784,3784,True,True,44x86 = ?
z-ai/glm-5.2:free,2 dígitos,1128.0,1128,1128,True,True,12x94 = ?
poolside/laguna-xs-2.1:free,2 dígitos,3784.0,3784,3784,True,True,44x86 = ?
minimax/minimax-m2.7:free,2 dígitos,3784.0,3784,3784,True,True,44x86 = ?
nvidia/nemotron-3-super-120b-a12b:free,2 dígitos,3784.0,3784,3784,True,True,44x86 = ?
liquid/lfm-2.5-2.6b:free,2 dígitos,650.0,650,650,True,True,50x13 = ?
nvidia/nemotron-3.5-lightning:free,2 dígitos,650.0,650,650,True,True,50x13 = ?
poolside/laguna-xs-2.1:free,2 dígitos,650.0,650,650,True,True,50x13 = ?
cohere/north-mini-code:free,2 dígitos,650.0,650,650,True,True,50x13 = ?
nvidia/nemotron-3-nano-omni-30b-a3b-reasoning:free,2 dígitos,650.0,650,650,True,True,50x13 = ?
minimax/minimax-m2.7:free,2 dígitos,650.0,650,650,True,True,50x13 = ?
liquid/lfm-2.5-2.6b:free,2 dígitos,5846.0,5846,5846,True,True,79x74 = ?
nvidia/nemotron-3.5-lightning:free,2 dígitos,5846.0,5846,5846,True,True,79x74 = ?
poolside/laguna-xs-2.1:free,2 dígitos,5846.0,5846,5846,True,True,79x74 = ?
cohere/north-mini-code:free,2 dígitos,5846.0,5846,5846,True,True,79x74 = ?
nvidia/nemotron-3-ultra-550b-a55b:free,2 dígitos,5846.0,5846,5846,True,True,79x74 = ?
nvidia/nemotron-3-nano-omni-30b-a3b-reasoning:free,2 dígitos,5846.0,5846,5846,True,True,79x74 = ?
minimax/minimax-m2.7:free,2 dígitos,5846.0,5846,5846,True,True,79x74 = ?
poolside/laguna-s-2.1:free,2 dígitos,650.0,650,650,True,True,50x13 = ?
poolside/laguna-s-2.1:free,2 dígitos,5846.0,5846,5846,True,True,79x74 = ?
nvidia/nemotron-3-super-120b-a12b:free,2 dígitos,5846.0,5846,5846,True,True,79x74 = ?
liquid/lfm-2.5-2.6b:free,2 dígitos,3740.0,3740,3740,True,True,85x44 = ?
nvidia/nemotron-3.5-lightning:free,2 dígitos,3740.0,3740,3740,True,True,85x44 = ?
poolside/laguna-s-2.1:free,2 dígitos,3740.0,3740,3740,True,True,85x44 = ?
cohere/north-mini-code:free,2 dígitos,3740.0,3740,3740,True,True,85x44 = ?
nvidia/nemotron-3-ultra-550b-a55b:free,2 dígitos,3740.0,3740,3740,True,True,85x44 = ?
nvidia/nemotron-3-nano-omni-30b-a3b-reasoning:free,2 dígitos,3740.0,3740,3740,True,True,85x44 = ?
minimax/minimax-m2.7:free,2 dígitos,3740.0,"
3740",3740,True,True,85x44 = ?
nvidia/nemotron-3-super-120b-a12b:free,2 dígitos,3740.0,3740,3740,True,True,85x44 = ?
liquid/lfm-2.5-2.6b:free,2 dígitos,1360.0,1360,1360,True,True,68x20 = ?
nvidia/nemotron-3.5-lightning:free,2 dígitos,1360.0,1360,1360,True,True,68x20 = ?
poolside/laguna-s-2.1:free,2 dígitos,1360.0,1360,1360,True,True,68x20 = ?
cohere/north-mini-code:free,2 dígitos,1360.0,1360,1360,True,True,68x20 = ?
nvidia/nemotron-3-ultra-550b-a55b:free,2 dígitos,1360.0,1360,1360,True,True,68x20 = ?
nvidia/nemotron-3-nano-omni-30b-a3b-reasoning:free,2 dígitos,1360.0,1360,1360,True,True,68x20 = ?
minimax/minimax-m2.7:free,2 dígitos,1360.0,1360,1360,True,True,68x20 = ?
nvidia/nemotron-3-super-120b-a12b:free,2 dígitos,1360.0,1360,1360,True,True,68x20 = ?
liquid/lfm-2.5-2.6b:free,2 dígitos,2784.0,2784,2784,True,True,32x87 = ?
nvidia/nemotron-3.5-lightning:free,2 dígitos,2784.0,2784,2784,True,True,32x87 = ?
poolside/laguna-s-2.1:free,2 dígitos,2784.0,2784,2784,True,True,32x87 = ?
cohere/north-mini-code:free,2 dígitos,2784.0,2784,2784,True,True,32x87 = ?
nvidia/nemotron-3-ultra-550b-a55b:free,2 dígitos,2784.0,2784,2784,True,True,32x87 = ?
nvidia/nemotron-3-nano-omni-30b-a3b-reasoning:free,2 dígitos,2784.0,2784,2784,True,True,32x87 = ?
minimax/minimax-m2.7:free,2 dígitos,2784.0,2784,2784,True,True,32x87 = ?
nvidia/nemotron-3-super-120b-a12b:free,2 dígitos,2784.0,2784,2784,True,True,32x87 = ?
liquid/lfm-2.5-2.6b:free,2 dígitos,700.0,700,700,True,True,28x25 = ?
nvidia/nemotron-3.5-lightning:free,2 dígitos,700.0,700,700,True,True,28x25 = ?
cohere/north-mini-code:free,2 dígitos,700.0,700,700,True,True,28x25 = ?
nvidia/nemotron-3-ultra-550b-a55b:free,2 dígitos,700.0,700,700,True,True,28x25 = ?
nvidia/nemotron-3-nano-omni-30b-a3b-reasoning:free,2 dígitos,700.0,700,700,True,True,28x25 = ?
minimax/minimax-m2.7:free,2 dígitos,700.0,700,700,True,True,28x25 = ?
nvidia/nemotron-3-super-120b-a12b:free,2 dígitos,700.0,700,700,True,True,28x25 = ?
liquid/lfm-2.5-2.6b:free,2 dígitos,1480.0,1480,1480,True,True,37x40 = ?
nvidia/nemotron-3.5-lightning:free,2 dígitos,1480.0,1480,1480,True,True,37x40 = ?
cohere/north-mini-code:free,2 dígitos,1480.0,1480,1480,True,True,37x40 = ?
nvidia/nemotron-3-ultra-550b-a55b:free,2 dígitos,1480.0,1480,1480,True,True,37x40 = ?
minimax/minimax-m2.7:free,2 dígitos,1480.0,1480,1480,True,True,37x40 = ?
nvidia/nemotron-3-super-120b-a12b:free,2 dígitos,1480.0,1480,1480,True,True,37x40 = ?
liquid/lfm-2.5-2.6b:free,2 dígitos,4960.0,4960,4960,True,True,62x80 = ?
nvidia/nemotron-3.5-lightning:free,2 dígitos,4960.0,4960,4960,True,True,62x80 = ?
cohere/north-mini-code:free,2 dígitos,4960.0,4960,4960,True,True,62x80 = ?
nvidia/nemotron-3-ultra-550b-a55b:free,2 dígitos,4960.0,4960,4960,True,True,62x80 = ?
nvidia/nemotron-3-nano-omni-30b-a3b-reasoning:free,2 dígitos,4960.0,4960,4960,True,True,62x80 = ?
minimax/minimax-m2.7:free,2 dígitos,4960.0,4960,4960,True,True,62x80 = ?
nvidia/nemotron-3-super-120b-a12b:free,2 dígitos,4960.0,4960,4960,True,True,62x80 = ?
liquid/lfm-2.5-2.6b:free,2 dígitos,3240.0,3240,3240,True,True,36x90 = ?
nvidia/nemotron-3.5-lightning:free,2 dígitos,3240.0,3240,3240,True,True,36x90 = ?
cohere/north-mini-code:free,2 dígitos,3240.0,3240,3240,True,True,36x90 = ?
nvidia/nemotron-3-ultra-550b-a55b:free,2 dígitos,3240.0,3240,3240,True,True,36x90 = ?
minimax/minimax-m2.7:free,2 dígitos,3240.0,3240,3240,True,True,36x90 = ?
nvidia/nemotron-3-super-120b-a12b:free,2 dígitos,3240.0,3240,3240,True,True,36x90 = ?
liquid/lfm-2.5-2.6b:free,2 dígitos,384.0,384,384,True,True,16x24 = ?
nvidia/nemotron-3.5-lightning:free,2 dígitos,384.0,384,384,True,True,16x24 = ?
cohere/north-mini-code:free,2 dígitos,384.0,384,384,True,True,16x24 = ?
nvidia/nemotron-3-ultra-550b-a55b:free,2 dígitos,384.0,384,384,True,True,16x24 = ?
poolside/laguna-s-2.1:free,2 dígitos,4960.0,4960,4960,True,True,62x80 = ?
nvidia/nemotron-3-nano-omni-30b-a3b-reasoning:free,2 dígitos,384.0,384,384,True,True,16x24 = ?
minimax/minimax-m2.7:free,2 dígitos,384.0,384,384,True,True,16x24 = ?
nvidia/nemotron-3-super-120b-a12b:free,2 dígitos,384.0,384,384,True,True,16x24 = ?
liquid/lfm-2.5-2.6b:free,2 dígitos,5440.0,5440,5440,True,True,85x64 = ?
nvidia/nemotron-3.5-lightning:free,2 dígitos,5440.0,5440,5440,True,True,85x64 = ?
cohere/north-mini-code:free,2 dígitos,5440.0,5440,5440,True,True,85x64 = ?
nvidia/nemotron-3-ultra-550b-a55b:free,2 dígitos,5440.0,5440,5440,True,True,85x64 = ?
nvidia/nemotron-3-nano-omni-30b-a3b-reasoning:free,2 dígitos,5440.0,5440,5440,True,True,85x64 = ?
minimax/minimax-m2.7:free,2 dígitos,5440.0,5440,5440,True,True,85x64 = ?
nvidia/nemotron-3-super-120b-a12b:free,2 dígitos,5440.0,5440,5440,True,True,85x64 = ?
liquid/lfm-2.5-2.6b:free,2 dígitos,891.0,891,891,True,True,81x11 = ?
nvidia/nemotron-3.5-lightning:free,2 dígitos,891.0,891,891,True,True,81x11 = ?
cohere/north-mini-code:free,2 dígitos,891.0,891,891,True,True,81x11 = ?
nvidia/nemotron-3-ultra-550b-a55b:free,2 dígitos,891.0,891,891,True,True,81x11 = ?
nvidia/nemotron-3-nano-omni-30b-a3b-reasoning:free,2 dígitos,891.0,891,891,True,True,81x11 = ?
minimax/minimax-m2.7:free,2 dígitos,891.0,891,891,True,True,81x11 = ?
nvidia/nemotron-3-super-120b-a12b:free,2 dígitos,891.0,891,891,True,True,81x11 = ?
liquid/lfm-2.5-2.6b:free,2 dígitos,3704.0,3704,3604,False,True,53x68 = ?
nvidia/nemotron-3.5-lightning:free,2 dígitos,3604.0,3604,3604,True,True,53x68 = ?
cohere/north-mini-code:free,2 dígitos,3604.0,3604,3604,True,True,53x68 = ?
nvidia/nemotron-3-ultra-550b-a55b:free,2 dígitos,3604.0,3604,3604,True,True,53x68 = ?
nvidia/nemotron-3-nano-omni-30b-a3b-reasoning:free,2 dígitos,3604.0,3604,3604,True,True,53x68 = ?
minimax/minimax-m2.7:free,2 dígitos,3604.0,3604,3604,True,True,53x68 = ?
nvidia/nemotron-3-super-120b-a12b:free,2 dígitos,3604.0,3604,3604,True,True,53x68 = ?
liquid/lfm-2.5-2.6b:free,2 dígitos,2275.0,2275,2275,True,True,65x35 = ?
nvidia/nemotron-3.5-lightning:free,2 dígitos,2275.0,2275,2275,True,True,65x35 = ?
cohere/north-mini-code:free,2 dígitos,2275.0,2275,2275,True,True,65x35 = ?
nvidia/nemotron-3-ultra-550b-a55b:free,2 dígitos,2275.0,2275,2275,True,True,65x35 = ?
nvidia/nemotron-3-nano-omni-30b-a3b-reasoning:free,2 dígitos,2275.0,2275,2275,True,True,65x35 = ?
minimax/minimax-m2.7:free,2 dígitos,2275.0,2275,2275,True,True,65x35 = ?
nvidia/nemotron-3-super-120b-a12b:free,2 dígitos,2275.0,2275,2275,True,True,65x35 = ?
liquid/lfm-2.5-2.6b:free,2 dígitos,5640.0,5640,5640,True,True,60x94 = ?
cohere/north-mini-code:free,2 dígitos,5640.0,5640,5640,True,True,60x94 = ?
nvidia/nemotron-3-ultra-550b-a55b:free,2 dígitos,5640.0,5640,5640,True,True,60x94 = ?
poolside/laguna-s-2.1:free,2 dígitos,891.0,891,891,True,True,81x11 = ?
poolside/laguna-s-2.1:free,2 dígitos,2275.0,2275,2275,True,True,65x35 = ?
poolside/laguna-xs-2.1:free,2 dígitos,2275.0,2275,2275,True,True,65x35 = ?
poolside/laguna-s-2.1:free,2 dígitos,5640.0,5640,5640,True,True,60x94 = ?
nvidia/nemotron-3-nano-omni-30b-a3b-reasoning:free,2 dígitos,5640.0,5640,5640,True,True,60x94 = ?
minimax/minimax-m2.7:free,2 dígitos,5640.0,5640,5640,True,True,60x94 = ?
nvidia/nemotron-3-super-120b-a12b:free,2 dígitos,5640.0,5640,5640,True,True,60x94 = ?
liquid/lfm-2.5-2.6b:free,2 dígitos,3894.0,3894,3894,True,True,66x59 = ?
nvidia/nemotron-3.5-lightning:free,2 dígitos,3894.0,3894,3894,True,True,66x59 = ?
poolside/laguna-xs-2.1:free,2 dígitos,3894.0,3894,3894,True,True,66x59 = ?
cohere/north-mini-code:free,2 dígitos,3894.0,3894,3894,True,True,66x59 = ?
nvidia/nemotron-3-ultra-550b-a55b:free,2 dígitos,3894.0,3894,3894,True,True,66x59 = ?
nvidia/nemotron-3-nano-omni-30b-a3b-reasoning:free,2 dígitos,3894.0,3894,3894,True,True,66x59 = ?
minimax/minimax-m2.7:free,2 dígitos,3894.0,3894,3894,True,True,66x59 = ?
nvidia/nemotron-3-super-120b-a12b:free,2 dígitos,3894.0,3894,3894,True,True,66x59 = ?
liquid/lfm-2.5-2.6b:free,2 dígitos,616.0,616,616,True,True,22x28 = ?
nvidia/nemotron-3.5-lightning:free,2 dígitos,616.0,616,616,True,True,22x28 = ?
cohere/north-mini-code:free,2 dígitos,616.0,616,616,True,True,22x28 = ?
nvidia/nemotron-3-ultra-550b-a55b:free,2 dígitos,616.0,616,616,True,True,22x28 = ?
nvidia/nemotron-3-nano-omni-30b-a3b-reasoning:free,2 dígitos,616.0,616,616,True,True,22x28 = ?
minimax/minimax-m2.7:free,2 dígitos,616.0,616,616,True,True,22x28 = ?
nvidia/nemotron-3-super-120b-a12b:free,2 dígitos,616.0,616,616,True,True,22x28 = ?
liquid/lfm-2.5-2.6b:free,2 dígitos,1001.0,1001,1001,True,True,91x11 = ?
nvidia/nemotron-3.5-lightning:free,2 dígitos,1001.0,1001,1001,True,True,91x11 = ?
cohere/north-mini-code:free,2 dígitos,1001.0,1001,1001,True,True,91x11 = ?
nvidia/nemotron-3-ultra-550b-a55b:free,2 dígitos,1001.0,1001,1001,True,True,91x11 = ?
nvidia/nemotron-3-nano-omni-30b-a3b-reasoning:free,2 dígitos,1001.0,1001,1001,True,True,91x11 = ?
minimax/minimax-m2.7:free,2 dígitos,1001.0,1001,1001,True,True,91x11 = ?
nvidia/nemotron-3-super-120b-a12b:free,2 dígitos,1001.0,1001,1001,True,True,91x11 = ?
liquid/lfm-2.5-2.6b:free,2 dígitos,3294.0,3294,3294,True,True,61x54 = ?
nvidia/nemotron-3.5-lightning:free,2 dígitos,3294.0,3294,3294,True,True,61x54 = ?
cohere/north-mini-code:free,2 dígitos,3294.0,3294,3294,True,True,61x54 = ?
nvidia/nemotron-3-ultra-550b-a55b:free,2 dígitos,3294.0,3294,3294,True,True,61x54 = ?
nvidia/nemotron-3-nano-omni-30b-a3b-reasoning:free,2 dígitos,3294.0,3294,3294,True,True,61x54 = ?
minimax/minimax-m2.7:free,2 dígitos,3294.0,3294,3294,True,True,61x54 = ?
nvidia/nemotron-3-super-120b-a12b:free,2 dígitos,3294.0,3294,3294,True,True,61x54 = ?
liquid/lfm-2.5-2.6b:free,2 dígitos,3828.0,3828,3828,True,True,58x66 = ?
nvidia/nemotron-3.5-lightning:free,2 dígitos,3828.0,3828,3828,True,True,58x66 = ?
cohere/north-mini-code:free,2 dígitos,3828.0,3828,3828,True,True,58x66 = ?
nvidia/nemotron-3-ultra-550b-a55b:free,2 dígitos,3828.0,3828,3828,True,True,58x66 = ?
poolside/laguna-s-2.1:free,2 dígitos,616.0,616,616,True,True,22x28 = ?
poolside/laguna-xs-2.1:free,2 dígitos,616.0,616,616,True,True,22x28 = ?
poolside/laguna-xs-2.1:free,2 dígitos,1001.0,1001,1001,True,True,91x11 = ?
poolside/laguna-s-2.1:free,2 dígitos,3294.0,3294,3294,True,True,61x54 = ?
poolside/laguna-xs-2.1:free,2 dígitos,3294.0,3294,3294,True,True,61x54 = ?
poolside/laguna-s-2.1:free,2 dígitos,3828.0,3828,3828,True,True,58x66 = ?
poolside/laguna-xs-2.1:free,2 dígitos,3828.0,3828,3828,True,True,58x66 = ?
nvidia/nemotron-3-nano-omni-30b-a3b-reasoning:free,2 dígitos,3828.0,3828,3828,True,True,58x66 = ?
minimax/minimax-m2.7:free,2 dígitos,3828.0,3828,3828,True,True,58x66 = ?
nvidia/nemotron-3-super-120b-a12b:free,2 dígitos,3828.0,3828,3828,True,True,58x66 = ?
liquid/lfm-2.5-2.6b:free,2 dígitos,5664.0,5664,5664,True,True,59x96 = ?
nvidia/nemotron-3.5-lightning:free,2 dígitos,5664.0,5664,5664,True,True,59x96 = ?
cohere/north-mini-code:free,2 dígitos,5664.0,5664,5664,True,True,59x96 = ?
nvidia/nemotron-3-ultra-550b-a55b:free,2 dígitos,5664.0,5664,5664,True,True,59x96 = ?
nvidia/nemotron-3-nano-omni-30b-a3b-reasoning:free,2 dígitos,5664.0,5664,5664,True,True,59x96 = ?
minimax/minimax-m2.7:free,2 dígitos,5664.0,5664,5664,True,True,59x96 = ?
nvidia/nemotron-3-super-120b-a12b:free,2 dígitos,5664.0,5664,5664,True,True,59x96 = ?
liquid/lfm-2.5-2.6b:free,2 dígitos,1001.0,1001,1001,True,True,13x77 = ?
nvidia/nemotron-3.5-lightning:free,2 dígitos,1001.0,1001,1001,True,True,13x77 = ?
cohere/north-mini-code:free,2 dígitos,1001.0,1001,1001,True,True,13x77 = ?
nvidia/nemotron-3-ultra-550b-a55b:free,2 dígitos,1001.0,1001,1001,True,True,13x77 = ?
nvidia/nemotron-3-nano-omni-30b-a3b-reasoning:free,2 dígitos,1001.0,1001,1001,True,True,13x77 = ?
minimax/minimax-m2.7:free,2 dígitos,1001.0,1001,1001,True,True,13x77 = ?
nvidia/nemotron-3-super-120b-a12b:free,2 dígitos,1001.0,1001,1001,True,True,13x77 = ?
liquid/lfm-2.5-2.6b:free,2 dígitos,651.0,651,651,True,True,21x31 = ?
nvidia/nemotron-3.5-lightning:free,2 dígitos,651.0,651,651,True,True,21x31 = ?
cohere/north-mini-code:free,2 dígitos,651.0,651,651,True,True,21x31 = ?
nvidia/nemotron-3-ultra-550b-a55b:free,2 dígitos,651.0,651,651,True,True,21x31 = ?
nvidia/nemotron-3-nano-omni-30b-a3b-reasoning:free,2 dígitos,651.0,651,651,True,True,21x31 = ?
minimax/minimax-m2.7:free,2 dígitos,651.0,651,651,True,True,21x31 = ?
nvidia/nemotron-3-super-120b-a12b:free,2 dígitos,651.0,651,651,True,True,21x31 = ?
liquid/lfm-2.5-2.6b:free,2 dígitos,1287.0,1287,1287,True,True,99x13 = ?
nvidia/nemotron-3.5-lightning:free,2 dígitos,1287.0,1287,1287,True,True,99x13 = ?
cohere/north-mini-code:free,2 dígitos,1287.0,1287,1287,True,True,99x13 = ?
nvidia/nemotron-3-ultra-550b-a55b:free,2 dígitos,1287.0,1287,1287,True,True,99x13 = ?
nvidia/nemotron-3-nano-omni-30b-a3b-reasoning:free,2 dígitos,1287.0,1287,1287,True,True,99x13 = ?
minimax/minimax-m2.7:free,2 dígitos,1287.0,1287,1287,True,True,99x13 = ?
nvidia/nemotron-3-super-120b-a12b:free,2 dígitos,1287.0,1287,1287,True,True,99x13 = ?
liquid/lfm-2.5-2.6b:free,2 dígitos,273.0,273,273,True,True,21x13 = ?
nvidia/nemotron-3.5-lightning:free,2 dígitos,273.0,273,273,True,True,21x13 = ?
cohere/north-mini-code:free,2 dígitos,273.0,273,273,True,True,21x13 = ?
nvidia/nemotron-3-ultra-550b-a55b:free,2 dígitos,273.0,273,273,True,True,21x13 = ?
poolside/laguna-s-2.1:free,2 dígitos,1001.0,1001,1001,True,True,13x77 = ?
poolside/laguna-s-2.1:free,2 dígitos,651.0,651,651,True,True,21x31 = ?
poolside/laguna-xs-2.1:free,2 dígitos,651.0,651,651,True,True,21x31 = ?
poolside/laguna-s-2.1:free,2 dígitos,1287.0,1287,1287,True,True,99x13 = ?
poolside/laguna-s-2.1:free,2 dígitos,273.0,273,273,True,True,21x13 = ?
nvidia/nemotron-3-nano-omni-30b-a3b-reasoning:free,2 dígitos,273.0,273,273,True,True,21x13 = ?
minimax/minimax-m2.7:free,2 dígitos,273.0,273,273,True,True,21x13 = ?
nvidia/nemotron-3-super-120b-a12b:free,2 dígitos,273.0,273,273,True,True,21x13 = ?
liquid/lfm-2.5-2.6b:free,2 dígitos,304.0,304,304,True,True,16x19 = ?
nvidia/nemotron-3.5-lightning:free,2 dígitos,304.0,304,304,True,True,16x19 = ?
poolside/laguna-xs-2.1:free,2 dígitos,304.0,304,304,True,True,16x19 = ?
cohere/north-mini-code:free,2 dígitos,304.0,304,304,True,True,16x19 = ?
nvidia/nemotron-3-ultra-550b-a55b:free,2 dígitos,304.0,304,304,True,True,16x19 = ?
nvidia/nemotron-3-nano-omni-30b-a3b-reasoning:free,2 dígitos,304.0,304,304,True,True,16x19 = ?
minimax/minimax-m2.7:free,2 dígitos,304.0,304,304,True,True,16x19 = ?
nvidia/nemotron-3-super-120b-a12b:free,2 dígitos,304.0,304,304,True,True,16x19 = ?
liquid/lfm-2.5-2.6b:free,2 dígitos,2328.0,2328,2328,True,True,97x24 = ?
nvidia/nemotron-3.5-lightning:free,2 dígitos,2328.0,2328,2328,True,True,97x24 = ?
cohere/north-mini-code:free,2 dígitos,2328.0,2328,2328,True,True,97x24 = ?
nvidia/nemotron-3-ultra-550b-a55b:free,2 dígitos,2328.0,2328,2328,True,True,97x24 = ?
nvidia/nemotron-3-nano-omni-30b-a3b-reasoning:free,2 dígitos,2328.0,2328,2328,True,True,97x24 = ?
minimax/minimax-m2.7:free,2 dígitos,2328.0,2328,2328,True,True,97x24 = ?
nvidia/nemotron-3-super-120b-a12b:free,2 dígitos,2328.0,2328,2328,True,True,97x24 = ?
liquid/lfm-2.5-2.6b:free,2 dígitos,7440.0,7440,7440,True,True,93x80 = ?
nvidia/nemotron-3.5-lightning:free,2 dígitos,7440.0,7440,7440,True,True,93x80 = ?
cohere/north-mini-code:free,2 dígitos,7440.0,7440,7440,True,True,93x80 = ?
nvidia/nemotron-3-ultra-550b-a55b:free,2 dígitos,7440.0,7440,7440,True,True,93x80 = ?
nvidia/nemotron-3-nano-omni-30b-a3b-reasoning:free,2 dígitos,7440.0,7440,7440,True,True,93x80 = ?
minimax/minimax-m2.7:free,2 dígitos,7440.0,7440,7440,True,True,93x80 = ?
nvidia/nemotron-3-super-120b-a12b:free,2 dígitos,7440.0,7440,7440,True,True,93x80 = ?
liquid/lfm-2.5-2.6b:free,2 dígitos,1408.0,1408,1408,True,True,22x64 = ?
nvidia/nemotron-3.5-lightning:free,2 dígitos,1408.0,1408,1408,True,True,22x64 = ?
cohere/north-mini-code:free,2 dígitos,1408.0,1408,1408,True,True,22x64 = ?
minimax/minimax-m2.7:free,2 dígitos,1408.0,1408,1408,True,True,22x64 = ?
nvidia/nemotron-3-super-120b-a12b:free,2 dígitos,1408.0,1408,1408,True,True,22x64 = ?
liquid/lfm-2.5-2.6b:free,2 dígitos,1776.0,1776,1776,True,True,37x48 = ?
nvidia/nemotron-3.5-lightning:free,2 dígitos,1776.0,1776,1776,True,True,37x48 = ?
cohere/north-mini-code:free,2 dígitos,1776.0,1776,1776,True,True,37x48 = ?
nvidia/nemotron-3-ultra-550b-a55b:free,2 dígitos,1776.0,1776,1776,True,True,37x48 = ?
poolside/laguna-s-2.1:free,2 dígitos,2328.0,2328,2328,True,True,97x24 = ?
nvidia/nemotron-3-nano-omni-30b-a3b-reasoning:free,2 dígitos,1776.0,1776,1776,True,True,37x48 = ?
minimax/minimax-m2.7:free,2 dígitos,1776.0,1776,1776,True,True,37x48 = ?
nvidia/nemotron-3-super-120b-a12b:free,2 dígitos,1776.0,1776,1776,True,True,37x48 = ?
liquid/lfm-2.5-2.6b:free,2 dígitos,1917.0,1917,1917,True,True,27x71 = ?
nvidia/nemotron-3.5-lightning:free,2 dígitos,1917.0,1917,1917,True,True,27x71 = ?
poolside/laguna-s-2.1:free,2 dígitos,1917.0,1917,1917,True,True,27x71 = ?
cohere/north-mini-code:free,2 dígitos,1917.0,1917,1917,True,True,27x71 = ?
nvidia/nemotron-3-ultra-550b-a55b:free,2 dígitos,1917.0,1917,1917,True,True,27x71 = ?
nvidia/nemotron-3-nano-omni-30b-a3b-reasoning:free,2 dígitos,1917.0,1917,1917,True,True,27x71 = ?
minimax/minimax-m2.7:free,2 dígitos,1917.0,1917,1917,True,True,27x71 = ?
nvidia/nemotron-3-super-120b-a12b:free,2 dígitos,1917.0,1917,1917,True,True,27x71 = ?
liquid/lfm-2.5-2.6b:free,2 dígitos,6300.0,6300,6300,True,True,84x75 = ?
cohere/north-mini-code:free,2 dígitos,6300.0,6300,6300,True,True,84x75 = ?
nvidia/nemotron-3-ultra-550b-a55b:free,2 dígitos,6300.0,6300,6300,True,True,84x75 = ?
nvidia/nemotron-3-nano-omni-30b-a3b-reasoning:free,2 dígitos,6300.0,6300,6300,True,True,84x75 = ?
minimax/minimax-m2.7:free,2 dígitos,6300.0,6300,6300,True,True,84x75 = ?
nvidia/nemotron-3-super-120b-a12b:free,2 dígitos,6300.0,6300,6300,True,True,84x75 = ?
liquid/lfm-2.5-2.6b:free,2 dígitos,1482.0,1482,1482,True,True,57x26 = ?
nvidia/nemotron-3.5-lightning:free,2 dígitos,1482.0,1482,1482,True,True,57x26 = ?
cohere/north-mini-code:free,2 dígitos,1482.0,1482,1482,True,True,57x26 = ?
nvidia/nemotron-3-ultra-550b-a55b:free,2 dígitos,1482.0,1482,1482,True,True,57x26 = ?
nvidia/nemotron-3-nano-omni-30b-a3b-reasoning:free,2 dígitos,1482.0,1482,1482,True,True,57x26 = ?
minimax/minimax-m2.7:free,2 dígitos,1482.0,1482,1482,True,True,57x26 = ?
nvidia/nemotron-3-super-120b-a12b:free,2 dígitos,1482.0,1482,1482,True,True,57x26 = ?
liquid/lfm-2.5-2.6b:free,2 dígitos,1440.0,1440,1440,True,True,15x96 = ?
nvidia/nemotron-3.5-lightning:free,2 dígitos,1440.0,1440,1440,True,True,15x96 = ?
cohere/north-mini-code:free,2 dígitos,1440.0,1440,1440,True,True,15x96 = ?
nvidia/nemotron-3-ultra-550b-a55b:free,2 dígitos,1440.0,1440,1440,True,True,15x96 = ?
nvidia/nemotron-3-nano-omni-30b-a3b-reasoning:free,2 dígitos,1440.0,1440,1440,True,True,15x96 = ?
minimax/minimax-m2.7:free,2 dígitos,1440.0,1440,1440,True,True,15x96 = ?
poolside/laguna-s-2.1:free,2 dígitos,6300.0,6300,6300,True,True,84x75 = ?
poolside/laguna-s-2.1:free,2 dígitos,1482.0,1482,1482,True,True,57x26 = ?
poolside/laguna-s-2.1:free,2 dígitos,1440.0,1440,1440,True,True,15x96 = ?
nvidia/nemotron-3-super-120b-a12b:free,2 dígitos,1440.0,1440,1440,True,True,15x96 = ?
dots-3-note-preview:free,2 dígitos,1400.0,"

1400",1400,True,True,56x25 = ?
nvidia/nemotron-3.5-lightning:free,2 dígitos,1400.0,1400,1400,True,True,56x25 = ?
cohere/north-mini-code:free,2 dígitos,1400.0,1400,1400,True,True,56x25 = ?
nvidia/nemotron-3-ultra-550b-a55b:free,2 dígitos,1400.0,1400,1400,True,True,56x25 = ?
nvidia/nemotron-3-nano-omni-30b-a3b-reasoning:free,2 dígitos,1400.0,1400,1400,True,True,56x25 = ?
minimax/minimax-m2.7:free,2 dígitos,1400.0,1400,1400,True,True,56x25 = ?
nvidia/nemotron-3-super-120b-a12b:free,2 dígitos,1400.0,1400,1400,True,True,56x25 = ?
dots-3-note-preview:free,2 dígitos,3450.0,"

3450",3450,True,True,69x50 = ?
nvidia/nemotron-3.5-lightning:free,2 dígitos,3450.0,3450,3450,True,True,69x50 = ?
poolside/laguna-s-2.1:free,2 dígitos,3450.0,3450,3450,True,True,69x50 = ?
cohere/north-mini-code:free,2 dígitos,3450.0,3450,3450,True,True,69x50 = ?
nvidia/nemotron-3-ultra-550b-a55b:free,2 dígitos,3450.0,3450,3450,True,True,69x50 = ?
nvidia/nemotron-3-nano-omni-30b-a3b-reasoning:free,2 dígitos,3450.0,3450,3450,True,True,69x50 = ?
minimax/minimax-m2.7:free,2 dígitos,3450.0,3450,3450,True,True,69x50 = ?
nvidia/nemotron-3-super-120b-a12b:free,2 dígitos,3450.0,3450,3450,True,True,69x50 = ?
dots-3-note-preview:free,2 dígitos,1925.0,"

1925",1925,True,True,35x55 = ?
nvidia/nemotron-3.5-lightning:free,2 dígitos,1925.0,1925,1925,True,True,35x55 = ?
cohere/north-mini-code:free,2 dígitos,1925.0,1925,1925,True,True,35x55 = ?
nvidia/nemotron-3-ultra-550b-a55b:free,2 dígitos,1925.0,1925,1925,True,True,35x55 = ?
nvidia/nemotron-3-nano-omni-30b-a3b-reasoning:free,2 dígitos,1925.0,1925,1925,True,True,35x55 = ?
minimax/minimax-m2.7:free,2 dígitos,1925.0,1925,1925,True,True,35x55 = ?
nvidia/nemotron-3-super-120b-a12b:free,2 dígitos,1925.0,1925,1925,True,True,35x55 = ?
dots-3-note-preview:free,2 dígitos,590.0,"

590",590,True,True,59x10 = ?
nvidia/nemotron-3.5-lightning:free,2 dígitos,590.0,590,590,True,True,59x10 = ?
cohere/north-mini-code:free,2 dígitos,590.0,590,590,True,True,59x10 = ?
nvidia/nemotron-3-ultra-550b-a55b:free,2 dígitos,590.0,590,590,True,True,59x10 = ?
nvidia/nemotron-3-nano-omni-30b-a3b-reasoning:free,2 dígitos,590.0,590,590,True,True,59x10 = ?
minimax/minimax-m2.7:free,2 dígitos,590.0,590,590,True,True,59x10 = ?
nvidia/nemotron-3-super-120b-a12b:free,2 dígitos,590.0,590,590,True,True,59x10 = ?
dots-3-note-preview:free,2 dígitos,1755.0,"

1755",1755,True,True,45x39 = ?
nvidia/nemotron-3.5-lightning:free,2 dígitos,1755.0,1755,1755,True,True,45x39 = ?
cohere/north-mini-code:free,2 dígitos,1755.0,1755,1755,True,True,45x39 = ?
nvidia/nemotron-3-ultra-550b-a55b:free,2 dígitos,1755.0,1755,1755,True,True,45x39 = ?
poolside/laguna-xs-2.1:free,2 dígitos,1400.0,1400,1400,True,True,56x25 = ?
google/gemma-4-31b-it:free,2 dígitos,1400.0,1400,1400,True,True,56x25 = ?
poolside/laguna-xs-2.1:free,2 dígitos,3450.0,3450,3450,True,True,69x50 = ?
poolside/laguna-xs-2.1:free,2 dígitos,1925.0,1925,1925,True,True,35x55 = ?
google/gemma-4-31b-it:free,2 dígitos,1925.0,1925,1925,True,True,35x55 = ?
nvidia/nemotron-3-nano-omni-30b-a3b-reasoning:free,2 dígitos,1755.0,1755,1755,True,True,45x39 = ?
poolside/laguna-s-2.1:free,2 dígitos,1925.0,1925,1925,True,True,35x55 = ?
poolside/laguna-s-2.1:free,2 dígitos,590.0,590,590,True,True,59x10 = ?
poolside/laguna-s-2.1:free,2 dígitos,1755.0,1755,1755,True,True,45x39 = ?
minimax/minimax-m2.7:free,2 dígitos,1755.0,1755,1755,True,True,45x39 = ?
nvidia/nemotron-3-super-120b-a12b:free,2 dígitos,1755.0,1755,1755,True,True,45x39 = ?
dots-3-note-preview:free,2 dígitos,1023.0,"

1023",1023,True,True,11x93 = ?
liquid/lfm-2.5-2.6b:free,2 dígitos,1023.0,1023,1023,True,True,11x93 = ?
nvidia/nemotron-3.5-lightning:free,2 dígitos,1023.0,1023,1023,True,True,11x93 = ?
cohere/north-mini-code:free,2 dígitos,1023.0,1023,1023,True,True,11x93 = ?
nvidia/nemotron-3-nano-omni-30b-a3b-reasoning:free,2 dígitos,1023.0,1023,1023,True,True,11x93 = ?
minimax/minimax-m2.7:free,2 dígitos,1023.0,1023,1023,True,True,11x93 = ?
nvidia/nemotron-3-super-120b-a12b:free,2 dígitos,1023.0,1023,1023,True,True,11x93 = ?
dots-3-note-preview:free,2 dígitos,3120.0,"

3120",3120,True,True,78x40 = ?
liquid/lfm-2.5-2.6b:free,2 dígitos,3120.0,3120,3120,True,True,78x40 = ?
nvidia/nemotron-3.5-lightning:free,2 dígitos,3120.0,3120,3120,True,True,78x40 = ?
cohere/north-mini-code:free,2 dígitos,3120.0,3120,3120,True,True,78x40 = ?
nvidia/nemotron-3-ultra-550b-a55b:free,2 dígitos,3120.0,3120,3120,True,True,78x40 = ?
nvidia/nemotron-3-nano-omni-30b-a3b-reasoning:free,2 dígitos,3120.0,3120,3120,True,True,78x40 = ?
minimax/minimax-m2.7:free,2 dígitos,3120.0,"
3120",3120,True,True,78x40 = ?
nvidia/nemotron-3-super-120b-a12b:free,2 dígitos,3120.0,3120,3120,True,True,78x40 = ?
dots-3-note-preview:free,2 dígitos,1190.0,"

1190",1190,True,True,17x70 = ?
liquid/lfm-2.5-2.6b:free,2 dígitos,1190.0,1190,1190,True,True,17x70 = ?
nvidia/nemotron-3.5-lightning:free,2 dígitos,11.0,"Here's a thinking process:

1.  **Analyze User Input:**
   - User says: ""Sua tarefa é resolver operações matemáticas."" (My task is to solve mathematical operations.)
   - Then: ""Responda a pergunta a seguir e retorne o resultado SOMENTE em formato de número, sem unidades ou caracteres especiais."" (Answer the following question and return the result ONLY in number format
  1. Return the result ONLY in format of number, without units or characters especiales.",1190,False,False,17x70 = ?
cohere/north-mini-code:free,2 dígitos,1190.0,1190,1190,True,True,17x70 = ?
nvidia/nemotron-3-ultra-550b-a55b:free,2 dígitos,1190.0,1190,1190,True,True,17x70 = ?
nvidia/nemotron-3-nano-omni-30b-a3b-reasoning:free,2 dígitos,1190.0,1190,1190,True,True,17x70 = ?
minimax/minimax-m2.7:free,2 dígitos,1190.0,1190,1190,True,True,17x70 = ?
nvidia/nemotron-3-super-120b-a12b:free,2 dígitos,1190.0,1190,1190,True,True,17x70 = ?
dots-3-note-preview:free,2 dígitos,6450.0,"

6450",6450,True,True,75x86 = ?
liquid/lfm-2.5-2.6b:free,2 dígitos,6450.0,6450,6450,True,True,75x86 = ?
nvidia/nemotron-3.5-lightning:free,2 dígitos,6450.0,6450,6450,True,True,75x86 = ?
cohere/north-mini-code:free,2 dígitos,6450.0,6450,6450,True,True,75x86 = ?
nvidia/nemotron-3-ultra-550b-a55b:free,2 dígitos,6450.0,6450,6450,True,True,75x86 = ?
nvidia/nemotron-3-nano-omni-30b-a3b-reasoning:free,2 dígitos,6450.0,6450,6450,True,True,75x86 = ?
minimax/minimax-m2.7:free,2 dígitos,6450.0,6450,6450,True,True,75x86 = ?
nvidia/nemotron-3-super-120b-a12b:free,2 dígitos,6450.0,6450,6450,True,True,75x86 = ?
dots-3-note-preview:free,2 dígitos,4158.0,"

4158",4158,True,True,77x54 = ?
poolside/laguna-xs-2.1:free,2 dígitos,1023.0,1023,1023,True,True,11x93 = ?
poolside/laguna-xs-2.1:free,2 dígitos,3120.0,3120,3120,True,True,78x40 = ?
poolside/laguna-xs-2.1:free,2 dígitos,6450.0,6450,6450,True,True,75x86 = ?
liquid/lfm-2.5-2.6b:free,2 dígitos,4158.0,4158,4158,True,True,77x54 = ?
nvidia/nemotron-3.5-lightning:free,2 dígitos,4158.0,4158,4158,True,True,77x54 = ?
poolside/laguna-s-2.1:free,2 dígitos,4158.0,4158,4158,True,True,77x54 = ?
cohere/north-mini-code:free,2 dígitos,4158.0,4158,4158,True,True,77x54 = ?
nvidia/nemotron-3-ultra-550b-a55b:free,2 dígitos,4158.0,4158,4158,True,True,77x54 = ?
nvidia/nemotron-3-nano-omni-30b-a3b-reasoning:free,2 dígitos,4158.0,4158,4158,True,True,77x54 = ?
minimax/minimax-m2.7:free,2 dígitos,4158.0,4158,4158,True,True,77x54 = ?
nvidia/nemotron-3-super-120b-a12b:free,2 dígitos,4158.0,4158,4158,True,True,77x54 = ?
dots-3-note-preview:free,2 dígitos,1037.0,"

1037",1037,True,True,61x17 = ?
liquid/lfm-2.5-2.6b:free,2 dígitos,1037.0,1037,1037,True,True,61x17 = ?
nvidia/nemotron-3.5-lightning:free,2 dígitos,1037.0,1037,1037,True,True,61x17 = ?
poolside/laguna-s-2.1:free,2 dígitos,1037.0,1037,1037,True,True,61x17 = ?
cohere/north-mini-code:free,2 dígitos,1037.0,1037,1037,True,True,61x17 = ?
nvidia/nemotron-3-ultra-550b-a55b:free,2 dígitos,1037.0,1037,1037,True,True,61x17 = ?
nvidia/nemotron-3-nano-omni-30b-a3b-reasoning:free,2 dígitos,1037.0,1037,1037,True,True,61x17 = ?
minimax/minimax-m2.7:free,2 dígitos,1037.0,1037,1037,True,True,61x17 = ?
nvidia/nemotron-3-super-120b-a12b:free,2 dígitos,1037.0,1037,1037,True,True,61x17 = ?
dots-3-note-preview:free,2 dígitos,7840.0,"

7840",7840,True,True,98x80 = ?
liquid/lfm-2.5-2.6b:free,2 dígitos,7840.0,7840,7840,True,True,98x80 = ?
nvidia/nemotron-3.5-lightning:free,2 dígitos,7840.0,7840,7840,True,True,98x80 = ?
cohere/north-mini-code:free,2 dígitos,7840.0,7840,7840,True,True,98x80 = ?
nvidia/nemotron-3-ultra-550b-a55b:free,2 dígitos,7840.0,7840,7840,True,True,98x80 = ?
nvidia/nemotron-3-nano-omni-30b-a3b-reasoning:free,2 dígitos,7840.0,7840,7840,True,True,98x80 = ?
minimax/minimax-m2.7:free,2 dígitos,7840.0,7840,7840,True,True,98x80 = ?
nvidia/nemotron-3-super-120b-a12b:free,2 dígitos,7840.0,7840,7840,True,True,98x80 = ?
dots-3-note-preview:free,2 dígitos,874.0,"

874",874,True,True,23x38 = ?
liquid/lfm-2.5-2.6b:free,2 dígitos,874.0,874,874,True,True,23x38 = ?
nvidia/nemotron-3.5-lightning:free,2 dígitos,874.0,874,874,True,True,23x38 = ?
cohere/north-mini-code:free,2 dígitos,874.0,874,874,True,True,23x38 = ?
nvidia/nemotron-3-nano-omni-30b-a3b-reasoning:free,2 dígitos,874.0,874,874,True,True,23x38 = ?
minimax/minimax-m2.7:free,2 dígitos,874.0,874,874,True,True,23x38 = ?
nvidia/nemotron-3-super-120b-a12b:free,2 dígitos,874.0,874,874,True,True,23x38 = ?
dots-3-note-preview:free,2 dígitos,6862.0,"

6862",6862,True,True,73x94 = ?
liquid/lfm-2.5-2.6b:free,2 dígitos,6862.0,6862,6862,True,True,73x94 = ?
nvidia/nemotron-3.5-lightning:free,2 dígitos,6862.0,6862,6862,True,True,73x94 = ?
cohere/north-mini-code:free,2 dígitos,6862.0,6862,6862,True,True,73x94 = ?
nvidia/nemotron-3-ultra-550b-a55b:free,2 dígitos,6862.0,6862,6862,True,True,73x94 = ?
nvidia/nemotron-3-nano-omni-30b-a3b-reasoning:free,2 dígitos,6862.0,6862,6862,True,True,73x94 = ?
minimax/minimax-m2.7:free,2 dígitos,6862.0,"
6862",6862,True,True,73x94 = ?
google/gemma-4-26b-a4b-it:free,2 dígitos,4158.0,4158,4158,True,True,77x54 = ?
poolside/laguna-xs-2.1:free,2 dígitos,1037.0,1037,1037,True,True,61x17 = ?
google/gemma-4-26b-a4b-it:free,2 dígitos,1037.0,1037,1037,True,True,61x17 = ?
poolside/laguna-xs-2.1:free,2 dígitos,874.0,874,874,True,True,23x38 = ?
google/gemma-4-31b-it:free,2 dígitos,6862.0,6862,6862,True,True,73x94 = ?
nvidia/nemotron-3-super-120b-a12b:free,2 dígitos,6862.0,6862,6862,True,True,73x94 = ?
poolside/laguna-s-2.1:free,2 dígitos,7840.0,7840,7840,True,True,98x80 = ?
dots-3-note-preview:free,2 dígitos,2300.0,"

2300",2300,True,True,46x50 = ?
liquid/lfm-2.5-2.6b:free,2 dígitos,2300.0,2300,2300,True,True,46x50 = ?
nvidia/nemotron-3.5-lightning:free,2 dígitos,2300.0,2300,2300,True,True,46x50 = ?
cohere/north-mini-code:free,2 dígitos,2300.0,2300,2300,True,True,46x50 = ?
nvidia/nemotron-3-ultra-550b-a55b:free,2 dígitos,2300.0,2300,2300,True,True,46x50 = ?
nvidia/nemotron-3-nano-omni-30b-a3b-reasoning:free,2 dígitos,2300.0,2300,2300,True,True,46x50 = ?
minimax/minimax-m2.7:free,2 dígitos,2300.0,2300,2300,True,True,46x50 = ?
nvidia/nemotron-3-super-120b-a12b:free,2 dígitos,2300.0,2300,2300,True,True,46x50 = ?
dots-3-note-preview:free,2 dígitos,7154.0,"

7154",7154,True,True,98x73 = ?
liquid/lfm-2.5-2.6b:free,2 dígitos,7154.0,7154,7154,True,True,98x73 = ?
nvidia/nemotron-3.5-lightning:free,2 dígitos,7154.0,7154,7154,True,True,98x73 = ?
poolside/laguna-s-2.1:free,2 dígitos,7154.0,7154,7154,True,True,98x73 = ?
cohere/north-mini-code:free,2 dígitos,7154.0,7154,7154,True,True,98x73 = ?
nvidia/nemotron-3-nano-omni-30b-a3b-reasoning:free,2 dígitos,7154.0,7154,7154,True,True,98x73 = ?
minimax/minimax-m2.7:free,2 dígitos,7154.0,7154,7154,True,True,98x73 = ?
nvidia/nemotron-3-super-120b-a12b:free,2 dígitos,7154.0,7154,7154,True,True,98x73 = ?
dots-3-note-preview:free,2 dígitos,5996.0,"

5996",5916,False,True,68x87 = ?
liquid/lfm-2.5-2.6b:free,2 dígitos,5916.0,5916,5916,True,True,68x87 = ?
nvidia/nemotron-3.5-lightning:free,2 dígitos,5916.0,5916,5916,True,True,68x87 = ?
cohere/north-mini-code:free,2 dígitos,5916.0,5916,5916,True,True,68x87 = ?
nvidia/nemotron-3-nano-omni-30b-a3b-reasoning:free,2 dígitos,5916.0,5916,5916,True,True,68x87 = ?
minimax/minimax-m2.7:free,2 dígitos,5916.0,5916,5916,True,True,68x87 = ?
nvidia/nemotron-3-super-120b-a12b:free,2 dígitos,5916.0,5916,5916,True,True,68x87 = ?
dots-3-note-preview:free,2 dígitos,1584.0,"

1584",1584,True,True,18x88 = ?
liquid/lfm-2.5-2.6b:free,2 dígitos,1584.0,1584,1584,True,True,18x88 = ?
nvidia/nemotron-3.5-lightning:free,2 dígitos,1584.0,1584,1584,True,True,18x88 = ?
cohere/north-mini-code:free,2 dígitos,1584.0,1584,1584,True,True,18x88 = ?
nvidia/nemotron-3-ultra-550b-a55b:free,2 dígitos,1584.0,1584,1584,True,True,18x88 = ?
nvidia/nemotron-3-nano-omni-30b-a3b-reasoning:free,2 dígitos,1584.0,1584,1584,True,True,18x88 = ?
minimax/minimax-m2.7:free,2 dígitos,1584.0,1584,1584,True,True,18x88 = ?
nvidia/nemotron-3-super-120b-a12b:free,2 dígitos,1584.0,1584,1584,True,True,18x88 = ?
dots-3-note-preview:free,2 dígitos,1200.0,"

1200",1200,True,True,16x75 = ?
liquid/lfm-2.5-2.6b:free,2 dígitos,1200.0,1200,1200,True,True,16x75 = ?
nvidia/nemotron-3.5-lightning:free,2 dígitos,1200.0,1200,1200,True,True,16x75 = ?
poolside/laguna-xs-2.1:free,2 dígitos,5916.0,5916,5916,True,True,68x87 = ?
google/gemma-4-31b-it:free,2 dígitos,5916.0,5916,5916,True,True,68x87 = ?
poolside/laguna-xs-2.1:free,2 dígitos,1584.0,1584,1584,True,True,18x88 = ?
z-ai/glm-5.2:free,2 dígitos,1584.0,1584,1584,True,True,18x88 = ?
cohere/north-mini-code:free,2 dígitos,1200.0,1200,1200,True,True,16x75 = ?
nvidia/nemotron-3-ultra-550b-a55b:free,2 dígitos,1200.0,1200,1200,True,True,16x75 = ?
nvidia/nemotron-3-nano-omni-30b-a3b-reasoning:free,2 dígitos,1200.0,1200,1200,True,True,16x75 = ?
minimax/minimax-m2.7:free,2 dígitos,1200.0,1200,1200,True,True,16x75 = ?
dots-3-note-preview:free,2 dígitos,4000.0,"

4000",4000,True,True,80x50 = ?
liquid/lfm-2.5-2.6b:free,2 dígitos,4000.0,4000,4000,True,True,80x50 = ?
nvidia/nemotron-3.5-lightning:free,2 dígitos,4000.0,4000,4000,True,True,80x50 = ?
cohere/north-mini-code:free,2 dígitos,4000.0,4000,4000,True,True,80x50 = ?
nvidia/nemotron-3-ultra-550b-a55b:free,2 dígitos,4000.0,4000,4000,True,True,80x50 = ?
nvidia/nemotron-3-nano-omni-30b-a3b-reasoning:free,2 dígitos,4000.0,4000,4000,True,True,80x50 = ?
minimax/minimax-m2.7:free,2 dígitos,4000.0,4000,4000,True,True,80x50 = ?
nvidia/nemotron-3-super-120b-a12b:free,2 dígitos,4000.0,4000,4000,True,True,80x50 = ?
dots-3-note-preview:free,2 dígitos,7224.0,"

7224",7224,True,True,84x86 = ?
liquid/lfm-2.5-2.6b:free,2 dígitos,7224.0,7224,7224,True,True,84x86 = ?
nvidia/nemotron-3.5-lightning:free,2 dígitos,7224.0,7224,7224,True,True,84x86 = ?
cohere/north-mini-code:free,2 dígitos,7224.0,7224,7224,True,True,84x86 = ?
nvidia/nemotron-3-ultra-550b-a55b:free,2 dígitos,7224.0,7224,7224,True,True,84x86 = ?
minimax/minimax-m2.7:free,2 dígitos,7224.0,7224,7224,True,True,84x86 = ?
nvidia/nemotron-3-super-120b-a12b:free,2 dígitos,7224.0,7224,7224,True,True,84x86 = ?
dots-3-note-preview:free,2 dígitos,3010.0,"

3010",3010,True,True,86x35 = ?
liquid/lfm-2.5-2.6b:free,2 dígitos,3010.0,3010,3010,True,True,86x35 = ?
nvidia/nemotron-3.5-lightning:free,2 dígitos,3010.0,3010,3010,True,True,86x35 = ?
cohere/north-mini-code:free,2 dígitos,3010.0,3010,3010,True,True,86x35 = ?
nvidia/nemotron-3-ultra-550b-a55b:free,2 dígitos,3010.0,3010,3010,True,True,86x35 = ?
nvidia/nemotron-3-nano-omni-30b-a3b-reasoning:free,2 dígitos,3010.0,3010,3010,True,True,86x35 = ?
minimax/minimax-m2.7:free,2 dígitos,3010.0,3010,3010,True,True,86x35 = ?
nvidia/nemotron-3-super-120b-a12b:free,2 dígitos,3010.0,3010,3010,True,True,86x35 = ?
dots-3-note-preview:free,2 dígitos,391.0,"

391",391,True,True,17x23 = ?
liquid/lfm-2.5-2.6b:free,2 dígitos,391.0,391,391,True,True,17x23 = ?
nvidia/nemotron-3.5-lightning:free,2 dígitos,391.0,391,391,True,True,17x23 = ?
cohere/north-mini-code:free,2 dígitos,391.0,391,391,True,True,17x23 = ?
nvidia/nemotron-3-ultra-550b-a55b:free,2 dígitos,391.0,391,391,True,True,17x23 = ?
nvidia/nemotron-3-nano-omni-30b-a3b-reasoning:free,2 dígitos,391.0,391,391,True,True,17x23 = ?
minimax/minimax-m2.7:free,2 dígitos,391.0,391,391,True,True,17x23 = ?
nvidia/nemotron-3-super-120b-a12b:free,2 dígitos,391.0,391,391,True,True,17x23 = ?
google/gemma-4-26b-a4b-it:free,2 dígitos,1200.0,1200,1200,True,True,16x75 = ?
google/gemma-4-26b-a4b-it:free,2 dígitos,4000.0,4000,4000,True,True,80x50 = ?
google/gemma-4-31b-it:free,2 dígitos,4000.0,4000,4000,True,True,80x50 = ?
poolside/laguna-xs-2.1:free,2 dígitos,3010.0,3010,3010,True,True,86x35 = ?
poolside/laguna-xs-2.1:free,2 dígitos,391.0,391,391,True,True,17x23 = ?
dots-3-note-preview:free,2 dígitos,594.0,"

594",594,True,True,54x11 = ?
liquid/lfm-2.5-2.6b:free,2 dígitos,594.0,594,594,True,True,54x11 = ?
nvidia/nemotron-3.5-lightning:free,2 dígitos,594.0,594,594,True,True,54x11 = ?
cohere/north-mini-code:free,2 dígitos,594.0,594,594,True,True,54x11 = ?
nvidia/nemotron-3-ultra-550b-a55b:free,2 dígitos,594.0,594,594,True,True,54x11 = ?
nvidia/nemotron-3-nano-omni-30b-a3b-reasoning:free,2 dígitos,594.0,594,594,True,True,54x11 = ?
minimax/minimax-m2.7:free,2 dígitos,594.0,594,594,True,True,54x11 = ?
nvidia/nemotron-3-super-120b-a12b:free,2 dígitos,594.0,594,594,True,True,54x11 = ?
dots-3-note-preview:free,2 dígitos,4488.0,"

4488",4488,True,True,51x88 = ?
liquid/lfm-2.5-2.6b:free,2 dígitos,4488.0,4488,4488,True,True,51x88 = ?
nvidia/nemotron-3.5-lightning:free,2 dígitos,4488.0,4488,4488,True,True,51x88 = ?
cohere/north-mini-code:free,2 dígitos,4488.0,4488,4488,True,True,51x88 = ?
nvidia/nemotron-3-ultra-550b-a55b:free,2 dígitos,4488.0,4488,4488,True,True,51x88 = ?
minimax/minimax-m2.7:free,2 dígitos,4488.0,4488,4488,True,True,51x88 = ?
nvidia/nemotron-3-super-120b-a12b:free,2 dígitos,4488.0,4488,4488,True,True,51x88 = ?
dots-3-note-preview:free,2 dígitos,6402.0,"

6402",6402,True,True,66x97 = ?
liquid/lfm-2.5-2.6b:free,2 dígitos,6402.0,6402,6402,True,True,66x97 = ?
nvidia/nemotron-3.5-lightning:free,2 dígitos,6402.0,6402,6402,True,True,66x97 = ?
cohere/north-mini-code:free,2 dígitos,6402.0,6402,6402,True,True,66x97 = ?
nvidia/nemotron-3-ultra-550b-a55b:free,2 dígitos,6402.0,6402,6402,True,True,66x97 = ?
minimax/minimax-m2.7:free,2 dígitos,6402.0,6402,6402,True,True,66x97 = ?
nvidia/nemotron-3-super-120b-a12b:free,2 dígitos,6402.0,6402,6402,True,True,66x97 = ?
dots-3-note-preview:free,2 dígitos,949.0,"

949",949,True,True,73x13 = ?
liquid/lfm-2.5-2.6b:free,2 dígitos,949.0,949,949,True,True,73x13 = ?
nvidia/nemotron-3.5-lightning:free,2 dígitos,949.0,949,949,True,True,73x13 = ?
cohere/north-mini-code:free,2 dígitos,949.0,949,949,True,True,73x13 = ?
nvidia/nemotron-3-ultra-550b-a55b:free,2 dígitos,949.0,949,949,True,True,73x13 = ?
nvidia/nemotron-3-nano-omni-30b-a3b-reasoning:free,2 dígitos,949.0,949,949,True,True,73x13 = ?
minimax/minimax-m2.7:free,2 dígitos,949.0,949,949,True,True,73x13 = ?
nvidia/nemotron-3-super-120b-a12b:free,2 dígitos,949.0,949,949,True,True,73x13 = ?
dots-3-note-preview:free,2 dígitos,2646.0,"

2646",2646,True,True,27x98 = ?
liquid/lfm-2.5-2.6b:free,2 dígitos,2646.0,2646,2646,True,True,27x98 = ?
nvidia/nemotron-3.5-lightning:free,2 dígitos,2646.0,2646,2646,True,True,27x98 = ?
cohere/north-mini-code:free,2 dígitos,2646.0,2646,2646,True,True,27x98 = ?
nvidia/nemotron-3-ultra-550b-a55b:free,2 dígitos,2646.0,2646,2646,True,True,27x98 = ?
nvidia/nemotron-3-nano-omni-30b-a3b-reasoning:free,2 dígitos,2646.0,2646,2646,True,True,27x98 = ?
poolside/laguna-xs-2.1:free,2 dígitos,594.0,594,594,True,True,54x11 = ?
poolside/laguna-xs-2.1:free,2 dígitos,4488.0,4488,4488,True,True,51x88 = ?
z-ai/glm-5.2:free,2 dígitos,6402.0,6402,6402,True,True,66x97 = ?
poolside/laguna-xs-2.1:free,2 dígitos,949.0,949,949,True,True,73x13 = ?
poolside/laguna-s-2.1:free,2 dígitos,949.0,949,949,True,True,73x13 = ?
poolside/laguna-s-2.1:free,2 dígitos,2.798271002271003e+31,"27x98 = 27*(100 - 2) = 27*100 - 27*2 = 2700 - 54 = 2646

**Resposta:**  
2646",2646,False,False,27x98 = ?
minimax/minimax-m2.7:free,2 dígitos,2646.0,2646,2646,True,True,27x98 = ?
nvidia/nemotron-3-super-120b-a12b:free,2 dígitos,2646.0,2646,2646,True,True,27x98 = ?
dots-3-note-preview:free,2 dígitos,7663.0,"

7663",7663,True,True,97x79 = ?
liquid/lfm-2.5-2.6b:free,2 dígitos,7663.0,7663,7663,True,True,97x79 = ?
nvidia/nemotron-3.5-lightning:free,2 dígitos,7663.0,7663,7663,True,True,97x79 = ?
poolside/laguna-s-2.1:free,2 dígitos,7663.0,7663,7663,True,True,97x79 = ?
cohere/north-mini-code:free,2 dígitos,7663.0,7663,7663,True,True,97x79 = ?
nvidia/nemotron-3-ultra-550b-a55b:free,2 dígitos,7663.0,7663,7663,True,True,97x79 = ?
minimax/minimax-m2.7:free,2 dígitos,7663.0,7663,7663,True,True,97x79 = ?
nvidia/nemotron-3-super-120b-a12b:free,2 dígitos,7663.0,7663,7663,True,True,97x79 = ?
dots-3-note-preview:free,2 dígitos,720.0,"

720",720,True,True,60x12 = ?
liquid/lfm-2.5-2.6b:free,2 dígitos,720.0,720,720,True,True,60x12 = ?
nvidia/nemotron-3.5-lightning:free,2 dígitos,720.0,720,720,True,True,60x12 = ?
cohere/north-mini-code:free,2 dígitos,720.0,720,720,True,True,60x12 = ?
nvidia/nemotron-3-ultra-550b-a55b:free,2 dígitos,720.0,720,720,True,True,60x12 = ?
nvidia/nemotron-3-nano-omni-30b-a3b-reasoning:free,2 dígitos,720.0,720,720,True,True,60x12 = ?
minimax/minimax-m2.7:free,2 dígitos,720.0,720,720,True,True,60x12 = ?
nvidia/nemotron-3-super-120b-a12b:free,2 dígitos,720.0,720,720,True,True,60x12 = ?
dots-3-note-preview:free,2 dígitos,1568.0,"

1568",1568,True,True,28x56 = ?
liquid/lfm-2.5-2.6b:free,2 dígitos,1568.0,1568,1568,True,True,28x56 = ?
nvidia/nemotron-3.5-lightning:free,2 dígitos,1568.0,1568,1568,True,True,28x56 = ?
cohere/north-mini-code:free,2 dígitos,1568.0,1568,1568,True,True,28x56 = ?
nvidia/nemotron-3-ultra-550b-a55b:free,2 dígitos,1568.0,1568,1568,True,True,28x56 = ?
nvidia/nemotron-3-nano-omni-30b-a3b-reasoning:free,2 dígitos,1568.0,1568,1568,True,True,28x56 = ?
minimax/minimax-m2.7:free,2 dígitos,1568.0,1568,1568,True,True,28x56 = ?
nvidia/nemotron-3-super-120b-a12b:free,2 dígitos,1568.0,1568,1568,True,True,28x56 = ?
dots-3-note-preview:free,2 dígitos,3685.0,"

3685",3685,True,True,55x67 = ?
liquid/lfm-2.5-2.6b:free,2 dígitos,3685.0,3685,3685,True,True,55x67 = ?
nvidia/nemotron-3.5-lightning:free,2 dígitos,3685.0,3685,3685,True,True,55x67 = ?
cohere/north-mini-code:free,2 dígitos,3685.0,3685,3685,True,True,55x67 = ?
nvidia/nemotron-3-ultra-550b-a55b:free,2 dígitos,3685.0,3685,3685,True,True,55x67 = ?
nvidia/nemotron-3-nano-omni-30b-a3b-reasoning:free,2 dígitos,3685.0,3685,3685,True,True,55x67 = ?
minimax/minimax-m2.7:free,2 dígitos,3685.0,3685,3685,True,True,55x67 = ?
nvidia/nemotron-3-super-120b-a12b:free,2 dígitos,3685.0,3685,3685,True,True,55x67 = ?
dots-3-note-preview:free,2 dígitos,1260.0,"

1260",1260,True,True,45x28 = ?
google/gemma-4-26b-a4b-it:free,2 dígitos,7663.0,7663,7663,True,True,97x79 = ?
google/gemma-4-31b-it:free,2 dígitos,7663.0,7663,7663,True,True,97x79 = ?
poolside/laguna-xs-2.1:free,2 dígitos,720.0,720,720,True,True,60x12 = ?
google/gemma-4-26b-a4b-it:free,2 dígitos,720.0,720,720,True,True,60x12 = ?
google/gemma-4-31b-it:free,2 dígitos,720.0,720,720,True,True,60x12 = ?
google/gemma-4-26b-a4b-it:free,2 dígitos,1568.0,1568,1568,True,True,28x56 = ?
google/gemma-4-31b-it:free,2 dígitos,1568.0,1568,1568,True,True,28x56 = ?
poolside/laguna-xs-2.1:free,2 dígitos,3685.0,3685,3685,True,True,55x67 = ?
google/gemma-4-26b-a4b-it:free,2 dígitos,3685.0,3685,3685,True,True,55x67 = ?
liquid/lfm-2.5-2.6b:free,2 dígitos,1260.0,1260,1260,True,True,45x28 = ?
poolside/laguna-xs-2.1:free,2 dígitos,1260.0,1260,1260,True,True,45x28 = ?
cohere/north-mini-code:free,2 dígitos,1260.0,1260,1260,True,True,45x28 = ?
poolside/laguna-s-2.1:free,2 dígitos,1568.0,1568,1568,True,True,28x56 = ?
poolside/laguna-s-2.1:free,2 dígitos,1260.0,1260,1260,True,True,45x28 = ?
minimax/minimax-m2.7:free,2 dígitos,1260.0,"
1260",1260,True,True,45x28 = ?
nvidia/nemotron-3-super-120b-a12b:free,2 dígitos,1260.0,1260,1260,True,True,45x28 = ?
dots-3-note-preview:free,2 dígitos,3584.0,"

3584",3584,True,True,56x64 = ?
liquid/lfm-2.5-2.6b:free,2 dígitos,3584.0,3584,3584,True,True,56x64 = ?
nvidia/nemotron-3.5-lightning:free,2 dígitos,3584.0,3584,3584,True,True,56x64 = ?
poolside/laguna-s-2.1:free,2 dígitos,3584.0,3584,3584,True,True,56x64 = ?
cohere/north-mini-code:free,2 dígitos,3584.0,3584,3584,True,True,56x64 = ?
nvidia/nemotron-3-nano-omni-30b-a3b-reasoning:free,2 dígitos,3584.0,3584,3584,True,True,56x64 = ?
minimax/minimax-m2.7:free,2 dígitos,3584.0,3584,3584,True,True,56x64 = ?
nvidia/nemotron-3-super-120b-a12b:free,2 dígitos,3584.0,3584,3584,True,True,56x64 = ?
dots-3-note-preview:free,2 dígitos,7553.0,"

7553",7553,True,True,83x91 = ?
liquid/lfm-2.5-2.6b:free,2 dígitos,7553.0,7553,7553,True,True,83x91 = ?
nvidia/nemotron-3.5-lightning:free,2 dígitos,7553.0,7553,7553,True,True,83x91 = ?
cohere/north-mini-code:free,2 dígitos,7553.0,7553,7553,True,True,83x91 = ?
nvidia/nemotron-3-ultra-550b-a55b:free,2 dígitos,7553.0,7553,7553,True,True,83x91 = ?
nvidia/nemotron-3-nano-omni-30b-a3b-reasoning:free,2 dígitos,7553.0,7553,7553,True,True,83x91 = ?
minimax/minimax-m2.7:free,2 dígitos,7553.0,7553,7553,True,True,83x91 = ?
nvidia/nemotron-3-super-120b-a12b:free,2 dígitos,7553.0,7553,7553,True,True,83x91 = ?
dots-3-note-preview:free,2 dígitos,5544.0,"

5544",5544,True,True,72x77 = ?
liquid/lfm-2.5-2.6b:free,2 dígitos,5544.0,5544,5544,True,True,72x77 = ?
nvidia/nemotron-3.5-lightning:free,2 dígitos,,"Here men outdoorsells every from tells tissues tangostool
",5544,False,False,72x77 = ?
cohere/north-mini-code:free,2 dígitos,5544.0,5544,5544,True,True,72x77 = ?
nvidia/nemotron-3-ultra-550b-a55b:free,2 dígitos,5544.0,5544,5544,True,True,72x77 = ?
nvidia/nemotron-3-nano-omni-30b-a3b-reasoning:free,2 dígitos,5544.0,5544,5544,True,True,72x77 = ?
minimax/minimax-m2.7:free,2 dígitos,5544.0,5544,5544,True,True,72x77 = ?
nvidia/nemotron-3-super-120b-a12b:free,2 dígitos,5544.0,5544,5544,True,True,72x77 = ?
dots-3-note-preview:free,2 dígitos,756.0,"

756",756,True,True,21x36 = ?
liquid/lfm-2.5-2.6b:free,2 dígitos,756.0,756,756,True,True,21x36 = ?
nvidia/nemotron-3.5-lightning:free,2 dígitos,756.0,756,756,True,True,21x36 = ?
cohere/north-mini-code:free,2 dígitos,756.0,756,756,True,True,21x36 = ?
google/gemma-4-31b-it:free,2 dígitos,7553.0,7553,7553,True,True,83x91 = ?
poolside/laguna-xs-2.1:free,2 dígitos,5544.0,5544,5544,True,True,72x77 = ?
minimax/minimax-m2.7:free,2 dígitos,756.0,756,756,True,True,21x36 = ?
nvidia/nemotron-3-super-120b-a12b:free,2 dígitos,756.0,756,756,True,True,21x36 = ?
dots-3-note-preview:free,2 dígitos,1700.0,"

1700",1700,True,True,85x20 = ?
liquid/lfm-2.5-2.6b:free,2 dígitos,1700.0,1700,1700,True,True,85x20 = ?
nvidia/nemotron-3.5-lightning:free,2 dígitos,1700.0,1700,1700,True,True,85x20 = ?
poolside/laguna-xs-2.1:free,2 dígitos,1700.0,1700,1700,True,True,85x20 = ?
poolside/laguna-s-2.1:free,2 dígitos,5544.0,5544,5544,True,True,72x77 = ?
google/gemma-4-26b-a4b-it:free,2 dígitos,5544.0,5544,5544,True,True,72x77 = ?
cohere/north-mini-code:free,2 dígitos,1700.0,1700,1700,True,True,85x20 = ?
nvidia/nemotron-3-ultra-550b-a55b:free,2 dígitos,1700.0,1700,1700,True,True,85x20 = ?
nvidia/nemotron-3-nano-omni-30b-a3b-reasoning:free,2 dígitos,1700.0,1700,1700,True,True,85x20 = ?
google/gemma-4-26b-a4b-it:free,2 dígitos,1700.0,1700,1700,True,True,85x20 = ?
minimax/minimax-m2.7:free,2 dígitos,1700.0,1700,1700,True,True,85x20 = ?
nvidia/nemotron-3-super-120b-a12b:free,2 dígitos,1700.0,1700,1700,True,True,85x20 = ?
dots-3-note-preview:free,2 dígitos,715.0,"

715",715,True,True,13x55 = ?
liquid/lfm-2.5-2.6b:free,2 dígitos,715.0,715,715,True,True,13x55 = ?
nvidia/nemotron-3.5-lightning:free,2 dígitos,715.0,715,715,True,True,13x55 = ?
poolside/laguna-s-2.1:free,2 dígitos,715.0,715,715,True,True,13x55 = ?
cohere/north-mini-code:free,2 dígitos,715.0,715,715,True,True,13x55 = ?
nvidia/nemotron-3-ultra-550b-a55b:free,2 dígitos,715.0,715,715,True,True,13x55 = ?
nvidia/nemotron-3-nano-omni-30b-a3b-reasoning:free,2 dígitos,715.0,715,715,True,True,13x55 = ?
minimax/minimax-m2.7:free,2 dígitos,715.0,715,715,True,True,13x55 = ?
nvidia/nemotron-3-super-120b-a12b:free,2 dígitos,715.0,715,715,True,True,13x55 = ?
dots-3-note-preview:free,2 dígitos,4692.0,"

4692",4692,True,True,68x69 = ?
liquid/lfm-2.5-2.6b:free,2 dígitos,4692.0,4692,4692,True,True,68x69 = ?
nvidia/nemotron-3.5-lightning:free,2 dígitos,4692.0,4692,4692,True,True,68x69 = ?
cohere/north-mini-code:free,2 dígitos,4692.0,4692,4692,True,True,68x69 = ?
nvidia/nemotron-3-ultra-550b-a55b:free,2 dígitos,4692.0,4692,4692,True,True,68x69 = ?
nvidia/nemotron-3-nano-omni-30b-a3b-reasoning:free,2 dígitos,4692.0,4692,4692,True,True,68x69 = ?
minimax/minimax-m2.7:free,2 dígitos,4692.0,4692,4692,True,True,68x69 = ?
nvidia/nemotron-3-super-120b-a12b:free,2 dígitos,4692.0,4692,4692,True,True,68x69 = ?
dots-3-note-preview:free,2 dígitos,1155.0,"

1155",1155,True,True,33x35 = ?
liquid/lfm-2.5-2.6b:free,2 dígitos,1155.0,1155,1155,True,True,33x35 = ?
nvidia/nemotron-3.5-lightning:free,2 dígitos,1155.0,1155,1155,True,True,33x35 = ?
cohere/north-mini-code:free,2 dígitos,1155.0,1155,1155,True,True,33x35 = ?
nvidia/nemotron-3-ultra-550b-a55b:free,2 dígitos,1155.0,1155,1155,True,True,33x35 = ?
nvidia/nemotron-3-nano-omni-30b-a3b-reasoning:free,2 dígitos,1155.0,1155,1155,True,True,33x35 = ?
minimax/minimax-m2.7:free,2 dígitos,1155.0,1155,1155,True,True,33x35 = ?
nvidia/nemotron-3-super-120b-a12b:free,2 dígitos,1155.0,1155,1155,True,True,33x35 = ?
dots-3-note-preview:free,2 dígitos,2479.0,"

2479",2479,True,True,37x67 = ?
liquid/lfm-2.5-2.6b:free,2 dígitos,2479.0,2479,2479,True,True,37x67 = ?
nvidia/nemotron-3.5-lightning:free,2 dígitos,2479.0,2479,2479,True,True,37x67 = ?
cohere/north-mini-code:free,2 dígitos,2479.0,2479,2479,True,True,37x67 = ?
nvidia/nemotron-3-nano-omni-30b-a3b-reasoning:free,2 dígitos,2479.0,2479,2479,True,True,37x67 = ?
minimax/minimax-m2.7:free,2 dígitos,2479.0,2479,2479,True,True,37x67 = ?
nvidia/nemotron-3-super-120b-a12b:free,2 dígitos,2479.0,2479,2479,True,True,37x67 = ?
poolside/laguna-s-2.1:free,2 dígitos,4692.0,4692,4692,True,True,68x69 = ?
poolside/laguna-s-2.1:free,2 dígitos,2479.0,2479,2479,True,True,37x67 = ?
dots-3-note-preview:free,2 dígitos,1144.0,"

1144",1144,True,True,13x88 = ?
liquid/lfm-2.5-2.6b:free,2 dígitos,1144.0,1144,1144,True,True,13x88 = ?
nvidia/nemotron-3.5-lightning:free,2 dígitos,1144.0,1144,1144,True,True,13x88 = ?
cohere/north-mini-code:free,2 dígitos,1144.0,1144,1144,True,True,13x88 = ?
nvidia/nemotron-3-ultra-550b-a55b:free,2 dígitos,1144.0,1144,1144,True,True,13x88 = ?
nvidia/nemotron-3-nano-omni-30b-a3b-reasoning:free,2 dígitos,1144.0,1144,1144,True,True,13x88 = ?
minimax/minimax-m2.7:free,2 dígitos,1144.0,1144,1144,True,True,13x88 = ?
nvidia/nemotron-3-super-120b-a12b:free,2 dígitos,1144.0,1144,1144,True,True,13x88 = ?
dots-3-note-preview:free,2 dígitos,6555.0,"

6555",6555,True,True,95x69 = ?
liquid/lfm-2.5-2.6b:free,2 dígitos,6555.0,6555,6555,True,True,95x69 = ?
nvidia/nemotron-3.5-lightning:free,2 dígitos,6555.0,6555,6555,True,True,95x69 = ?
cohere/north-mini-code:free,2 dígitos,6555.0,6555,6555,True,True,95x69 = ?
nvidia/nemotron-3-ultra-550b-a55b:free,2 dígitos,6555.0,6555,6555,True,True,95x69 = ?
nvidia/nemotron-3-nano-omni-30b-a3b-reasoning:free,2 dígitos,6555.0,6555,6555,True,True,95x69 = ?
minimax/minimax-m2.7:free,2 dígitos,6555.0,6555,6555,True,True,95x69 = ?
nvidia/nemotron-3-super-120b-a12b:free,2 dígitos,6555.0,6555,6555,True,True,95x69 = ?
liquid/lfm-2.5-2.6b:free,2 dígitos,3828.0,3828,3828,True,True,58x66 = ?
nvidia/nemotron-3.5-lightning:free,2 dígitos,3828.0,3828,3828,True,True,58x66 = ?
cohere/north-mini-code:free,2 dígitos,3828.0,3828,3828,True,True,58x66 = ?
nvidia/nemotron-3-ultra-550b-a55b:free,2 dígitos,3828.0,3828,3828,True,True,58x66 = ?
nvidia/nemotron-3-nano-omni-30b-a3b-reasoning:free,2 dígitos,3828.0,3828,3828,True,True,58x66 = ?
minimax/minimax-m2.7:free,2 dígitos,3828.0,3828,3828,True,True,58x66 = ?
nvidia/nemotron-3-super-120b-a12b:free,2 dígitos,3828.0,3828,3828,True,True,58x66 = ?
dots-3-note-preview:free,2 dígitos,9409.0,"

9409",9409,True,True,97x97 = ?
liquid/lfm-2.5-2.6b:free,2 dígitos,9409.0,9409,9409,True,True,97x97 = ?
nvidia/nemotron-3.5-lightning:free,2 dígitos,9409.0,9409,9409,True,True,97x97 = ?
cohere/north-mini-code:free,2 dígitos,9409.0,9409,9409,True,True,97x97 = ?
nvidia/nemotron-3-ultra-550b-a55b:free,2 dígitos,9409.0,9409,9409,True,True,97x97 = ?
nvidia/nemotron-3-nano-omni-30b-a3b-reasoning:free,2 dígitos,9409.0,9409,9409,True,True,97x97 = ?
minimax/minimax-m2.7:free,2 dígitos,9409.0,9409,9409,True,True,97x97 = ?
nvidia/nemotron-3-super-120b-a12b:free,2 dígitos,9409.0,9409,9409,True,True,97x97 = ?
z-ai/glm-5.2:free,2 dígitos,1144.0,1144,1144,True,True,13x88 = ?
google/gemma-4-31b-it:free,2 dígitos,1144.0,1144,1144,True,True,13x88 = ?
google/gemma-4-31b-it:free,2 dígitos,6555.0,6555,6555,True,True,95x69 = ?
poolside/laguna-xs-2.1:free,2 dígitos,3828.0,3828,3828,True,True,58x66 = ?
poolside/laguna-xs-2.1:free,2 dígitos,9409.0,9409,9409,True,True,97x97 = ?
dots-3-note-preview:free,2 dígitos,1106.0,"

1106",1106,True,True,14x79 = ?
liquid/lfm-2.5-2.6b:free,2 dígitos,1106.0,1106,1106,True,True,14x79 = ?
nvidia/nemotron-3.5-lightning:free,2 dígitos,1106.0,1106,1106,True,True,14x79 = ?
cohere/north-mini-code:free,2 dígitos,1106.0,1106,1106,True,True,14x79 = ?
nvidia/nemotron-3-ultra-550b-a55b:free,2 dígitos,1106.0,1106,1106,True,True,14x79 = ?
nvidia/nemotron-3-nano-omni-30b-a3b-reasoning:free,2 dígitos,1106.0,1106,1106,True,True,14x79 = ?
google/gemma-4-26b-a4b-it:free,2 dígitos,6555.0,6555,6555,True,True,95x69 = ?
minimax/minimax-m2.7:free,2 dígitos,1106.0,1106,1106,True,True,14x79 = ?
nvidia/nemotron-3-super-120b-a12b:free,2 dígitos,1106.0,1106,1106,True,True,14x79 = ?
dots-3-note-preview:free,2 dígitos,4620.0,"

4620",4620,True,True,66x70 = ?
liquid/lfm-2.5-2.6b:free,2 dígitos,4620.0,4620,4620,True,True,66x70 = ?
nvidia/nemotron-3.5-lightning:free,2 dígitos,4620.0,4620,4620,True,True,66x70 = ?
cohere/north-mini-code:free,2 dígitos,4620.0,4620,4620,True,True,66x70 = ?
nvidia/nemotron-3-nano-omni-30b-a3b-reasoning:free,2 dígitos,4620.0,4620,4620,True,True,66x70 = ?
minimax/minimax-m2.7:free,2 dígitos,4620.0,4620,4620,True,True,66x70 = ?
nvidia/nemotron-3-super-120b-a12b:free,2 dígitos,4620.0,4620,4620,True,True,66x70 = ?
dots-3-note-preview:free,2 dígitos,1444.0,"

1444",1444,True,True,19x76 = ?
liquid/lfm-2.5-2.6b:free,2 dígitos,1444.0,1444,1444,True,True,19x76 = ?
nvidia/nemotron-3.5-lightning:free,2 dígitos,1444.0,1444,1444,True,True,19x76 = ?
cohere/north-mini-code:free,2 dígitos,1444.0,1444,1444,True,True,19x76 = ?
nvidia/nemotron-3-ultra-550b-a55b:free,2 dígitos,1444.0,1444,1444,True,True,19x76 = ?
nvidia/nemotron-3-nano-omni-30b-a3b-reasoning:free,2 dígitos,1444.0,1444,1444,True,True,19x76 = ?
minimax/minimax-m2.7:free,2 dígitos,1444.0,1444,1444,True,True,19x76 = ?
nvidia/nemotron-3-super-120b-a12b:free,2 dígitos,1444.0,1444,1444,True,True,19x76 = ?
dots-3-note-preview:free,2 dígitos,3397.0,"

3397",3397,True,True,43x79 = ?
liquid/lfm-2.5-2.6b:free,2 dígitos,3397.0,3397,3397,True,True,43x79 = ?
nvidia/nemotron-3.5-lightning:free,2 dígitos,3397.0,3397,3397,True,True,43x79 = ?
cohere/north-mini-code:free,2 dígitos,3397.0,3397,3397,True,True,43x79 = ?
nvidia/nemotron-3-ultra-550b-a55b:free,2 dígitos,3397.0,3397,3397,True,True,43x79 = ?
nvidia/nemotron-3-nano-omni-30b-a3b-reasoning:free,2 dígitos,3397.0,3397,3397,True,True,43x79 = ?
minimax/minimax-m2.7:free,2 dígitos,3397.0,3397,3397,True,True,43x79 = ?
dots-3-note-preview:free,3 dígitos,362848.0,"

362848",362848,True,True,736x493 = ?
liquid/lfm-2.5-2.6b:free,3 dígitos,362848.0,362848,362848,True,True,736x493 = ?
nvidia/nemotron-3.5-lightning:free,3 dígitos,362848.0,362848,362848,True,True,736x493 = ?
cohere/north-mini-code:free,3 dígitos,362848.0,362848,362848,True,True,736x493 = ?
poolside/laguna-xs-2.1:free,2 dígitos,4620.0,4620,4620,True,True,66x70 = ?
poolside/laguna-xs-2.1:free,2 dígitos,1444.0,1444,1444,True,True,19x76 = ?
poolside/laguna-xs-2.1:free,2 dígitos,3397.0,3397,3397,True,True,43x79 = ?
nvidia/nemotron-3-ultra-550b-a55b:free,3 dígitos,362848.0,362848,362848,True,True,736x493 = ?
nvidia/nemotron-3-nano-omni-30b-a3b-reasoning:free,3 dígitos,362848.0,362848,362848,True,True,736x493 = ?
google/gemma-4-31b-it:free,3 dígitos,363128.0,363128,362848,False,True,736x493 = ?
minimax/minimax-m2.7:free,3 dígitos,362848.0,362848,362848,True,True,736x493 = ?
nvidia/nemotron-3-super-120b-a12b:free,3 dígitos,362848.0,362848,362848,True,True,736x493 = ?
dots-3-note-preview:free,3 dígitos,107757.0,"

107757",107757,True,True,307x351 = ?
liquid/lfm-2.5-2.6b:free,3 dígitos,107757.0,107757,107757,True,True,307x351 = ?
nvidia/nemotron-3.5-lightning:free,3 dígitos,107757.0,107757,107757,True,True,307x351 = ?
google/gemma-4-26b-a4b-it:free,2 dígitos,1444.0,1444,1444,True,True,19x76 = ?
poolside/laguna-s-2.1:free,2 dígitos,3397.0,3397,3397,True,True,43x79 = ?
poolside/laguna-s-2.1:free,3 dígitos,362848.0,362848,362848,True,True,736x493 = ?
poolside/laguna-s-2.1:free,3 dígitos,107757.0,107757,107757,True,True,307x351 = ?
cohere/north-mini-code:free,3 dígitos,107757.0,107757,107757,True,True,307x351 = ?
nvidia/nemotron-3-ultra-550b-a55b:free,3 dígitos,107757.0,107757,107757,True,True,307x351 = ?
nvidia/nemotron-3-nano-omni-30b-a3b-reasoning:free,3 dígitos,107757.0,107757,107757,True,True,307x351 = ?
minimax/minimax-m2.7:free,3 dígitos,107757.0,107757,107757,True,True,307x351 = ?
nvidia/nemotron-3-super-120b-a12b:free,3 dígitos,107757.0,107757,107757,True,True,307x351 = ?
dots-3-note-preview:free,3 dígitos,270080.0,"

270080",270080,True,True,640x422 = ?
liquid/lfm-2.5-2.6b:free,3 dígitos,270080.0,270080,270080,True,True,640x422 = ?
nvidia/nemotron-3.5-lightning:free,3 dígitos,270080.0,270080,270080,True,True,640x422 = ?
cohere/north-mini-code:free,3 dígitos,270080.0,270080,270080,True,True,640x422 = ?
nvidia/nemotron-3-ultra-550b-a55b:free,3 dígitos,270080.0,270080,270080,True,True,640x422 = ?
minimax/minimax-m2.7:free,3 dígitos,270080.0,270080,270080,True,True,640x422 = ?
nvidia/nemotron-3-super-120b-a12b:free,3 dígitos,270080.0,270080,270080,True,True,640x422 = ?
dots-3-note-preview:free,3 dígitos,92400.0,"

92400",92400,True,True,110x840 = ?
liquid/lfm-2.5-2.6b:free,3 dígitos,92400.0,92400,92400,True,True,110x840 = ?
nvidia/nemotron-3.5-lightning:free,3 dígitos,92400.0,92400,92400,True,True,110x840 = ?
cohere/north-mini-code:free,3 dígitos,92400.0,92400,92400,True,True,110x840 = ?
nvidia/nemotron-3-ultra-550b-a55b:free,3 dígitos,92400.0,92400,92400,True,True,110x840 = ?
nvidia/nemotron-3-nano-omni-30b-a3b-reasoning:free,3 dígitos,92400.0,92400,92400,True,True,110x840 = ?
minimax/minimax-m2.7:free,3 dígitos,92400.0,92400,92400,True,True,110x840 = ?
nvidia/nemotron-3-super-120b-a12b:free,3 dígitos,92400.0,92400,92400,True,True,110x840 = ?
dots-3-note-preview:free,3 dígitos,758641.0,"

758641",758641,True,True,871x871 = ?
liquid/lfm-2.5-2.6b:free,3 dígitos,758641.0,758641,758641,True,True,871x871 = ?
nvidia/nemotron-3.5-lightning:free,3 dígitos,758641.0,758641,758641,True,True,871x871 = ?
cohere/north-mini-code:free,3 dígitos,758641.0,758641,758641,True,True,871x871 = ?
nvidia/nemotron-3-ultra-550b-a55b:free,3 dígitos,758641.0,758641,758641,True,True,871x871 = ?
nvidia/nemotron-3-nano-omni-30b-a3b-reasoning:free,3 dígitos,758641.0,758641,758641,True,True,871x871 = ?
minimax/minimax-m2.7:free,3 dígitos,758641.0,758641,758641,True,True,871x871 = ?
nvidia/nemotron-3-super-120b-a12b:free,3 dígitos,758641.0,758641,758641,True,True,871x871 = ?
dots-3-note-preview:free,3 dígitos,740421.0,"

740421",740421,True,True,891x831 = ?
liquid/lfm-2.5-2.6b:free,3 dígitos,740421.0,740421,740421,True,True,891x831 = ?
nvidia/nemotron-3.5-lightning:free,3 dígitos,740421.0,740421,740421,True,True,891x831 = ?
cohere/north-mini-code:free,3 dígitos,740421.0,740421,740421,True,True,891x831 = ?
nvidia/nemotron-3-ultra-550b-a55b:free,3 dígitos,740421.0,740421,740421,True,True,891x831 = ?
nvidia/nemotron-3-nano-omni-30b-a3b-reasoning:free,3 dígitos,740421.0,740421,740421,True,True,891x831 = ?
minimax/minimax-m2.7:free,3 dígitos,740421.0,740421,740421,True,True,891x831 = ?
google/gemma-4-26b-a4b-it:free,3 dígitos,270080.0,270080,270080,True,True,640x422 = ?
google/gemma-4-26b-a4b-it:free,3 dígitos,92400.0,92400,92400,True,True,110x840 = ?
poolside/laguna-s-2.1:free,3 dígitos,740421.0,740421,740421,True,True,891x831 = ?
nvidia/nemotron-3-super-120b-a12b:free,3 dígitos,740421.0,740421,740421,True,True,891x831 = ?
dots-3-note-preview:free,3 dígitos,310050.0,"

310050",310050,True,True,795x390 = ?
liquid/lfm-2.5-2.6b:free,3 dígitos,310050.0,310050,310050,True,True,795x390 = ?
nvidia/nemotron-3.5-lightning:free,3 dígitos,,"Here in a few seconds a few seconds Here seconds seconds seconds seconds seconds seconds Here Here seconds Here seconds Here Here seconds Here Here Here seconds Here seconds seconds Here Here Here Here Here Here Here Here seconds seconds Here seconds Here seconds seconds Here Here seconds Here Here Here Here seconds Here Here Here Here seconds Here seconds Here Here Here Here Here Here seconds Here Here Here seconds Here Here Here seconds Here Here Here Here Here seconds seconds Here in a few seconds a few seconds a few seconds a few seconds a few seconds a few seconds a a few seconds a few a few seconds
Here is the result: seconds",310050,False,False,795x390 = ?
poolside/laguna-s-2.1:free,3 dígitos,310050.0,310050,310050,True,True,795x390 = ?
cohere/north-mini-code:free,3 dígitos,310050.0,310050,310050,True,True,795x390 = ?
nvidia/nemotron-3-ultra-550b-a55b:free,3 dígitos,310050.0,310050,310050,True,True,795x390 = ?
google/gemma-4-26b-a4b-it:free,3 dígitos,310050.0,310050,310050,True,True,795x390 = ?
minimax/minimax-m2.7:free,3 dígitos,310050.0,310050,310050,True,True,795x390 = ?
dots-3-note-preview:free,3 dígitos,159165.0,"

159165",159165,True,True,393x405 = ?
liquid/lfm-2.5-2.6b:free,3 dígitos,159165.0,159165,159165,True,True,393x405 = ?
nvidia/nemotron-3.5-lightning:free,3 dígitos,159165.0,159165,159165,True,True,393x405 = ?
cohere/north-mini-code:free,3 dígitos,159165.0,159165,159165,True,True,393x405 = ?
nvidia/nemotron-3-ultra-550b-a55b:free,3 dígitos,159165.0,159165,159165,True,True,393x405 = ?
nvidia/nemotron-3-nano-omni-30b-a3b-reasoning:free,3 dígitos,159165.0,159165,159165,True,True,393x405 = ?
minimax/minimax-m2.7:free,3 dígitos,159165.0,159165,159165,True,True,393x405 = ?
nvidia/nemotron-3-super-120b-a12b:free,3 dígitos,159165.0,159165,159165,True,True,393x405 = ?
dots-3-note-preview:free,3 dígitos,910115.0,"

910115",910115,True,True,955x953 = ?
liquid/lfm-2.5-2.6b:free,3 dígitos,910115.0,910115,910115,True,True,955x953 = ?
nvidia/nemotron-3.5-lightning:free,3 dígitos,910115.0,910115,910115,True,True,955x953 = ?
cohere/north-mini-code:free,3 dígitos,910115.0,910115,910115,True,True,955x953 = ?
nvidia/nemotron-3-ultra-550b-a55b:free,3 dígitos,910115.0,910115,910115,True,True,955x953 = ?
minimax/minimax-m2.7:free,3 dígitos,910115.0,910115,910115,True,True,955x953 = ?
nvidia/nemotron-3-super-120b-a12b:free,3 dígitos,910115.0,910115,910115,True,True,955x953 = ?
dots-3-note-preview:free,3 dígitos,383265.0,"

383265",383265,True,True,765x501 = ?
liquid/lfm-2.5-2.6b:free,3 dígitos,383265.0,383265,383265,True,True,765x501 = ?
nvidia/nemotron-3.5-lightning:free,3 dígitos,383265.0,383265,383265,True,True,765x501 = ?
cohere/north-mini-code:free,3 dígitos,383265.0,383265,383265,True,True,765x501 = ?
nvidia/nemotron-3-ultra-550b-a55b:free,3 dígitos,383265.0,383265,383265,True,True,765x501 = ?
nvidia/nemotron-3-nano-omni-30b-a3b-reasoning:free,3 dígitos,383265.0,383265,383265,True,True,765x501 = ?
poolside/laguna-xs-2.1:free,3 dígitos,159165.0,159165,159165,True,True,393x405 = ?
poolside/laguna-xs-2.1:free,3 dígitos,910115.0,910115,910115,True,True,955x953 = ?
minimax/minimax-m2.7:free,3 dígitos,383265.0,383265,383265,True,True,765x501 = ?
nvidia/nemotron-3-super-120b-a12b:free,3 dígitos,383265.0,383265,383265,True,True,765x501 = ?
dots-3-note-preview:free,3 dígitos,84084.0,"

84084",84084,True,True,286x294 = ?
liquid/lfm-2.5-2.6b:free,3 dígitos,84084.0,84084,84084,True,True,286x294 = ?
nvidia/nemotron-3.5-lightning:free,3 dígitos,84084.0,84084,84084,True,True,286x294 = ?
poolside/laguna-xs-2.1:free,3 dígitos,84084.0,84084,84084,True,True,286x294 = ?
cohere/north-mini-code:free,3 dígitos,84084.0,84084,84084,True,True,286x294 = ?
poolside/laguna-s-2.1:free,3 dígitos,159165.0,159165,159165,True,True,393x405 = ?
poolside/laguna-s-2.1:free,3 dígitos,910115.0,910115,910115,True,True,955x953 = ?
poolside/laguna-s-2.1:free,3 dígitos,383265.0,383265,383265,True,True,765x501 = ?
poolside/laguna-s-2.1:free,3 dígitos,84084.0,84084,84084,True,True,286x294 = ?
nvidia/nemotron-3-ultra-550b-a55b:free,3 dígitos,84084.0,84084,84084,True,True,286x294 = ?
nvidia/nemotron-3-nano-omni-30b-a3b-reasoning:free,3 dígitos,84084.0,84084,84084,True,True,286x294 = ?
minimax/minimax-m2.7:free,3 dígitos,84084.0,84084,84084,True,True,286x294 = ?
nvidia/nemotron-3-super-120b-a12b:free,3 dígitos,84084.0,84084,84084,True,True,286x294 = ?
dots-3-note-preview:free,3 dígitos,44110.0,"

44110",44110,True,True,401x110 = ?
liquid/lfm-2.5-2.6b:free,3 dígitos,44110.0,44110,44110,True,True,401x110 = ?
nvidia/nemotron-3.5-lightning:free,3 dígitos,44110.0,44110,44110,True,True,401x110 = ?
poolside/laguna-s-2.1:free,3 dígitos,40111044110.0,401x110 = 44110,44110,False,False,401x110 = ?
cohere/north-mini-code:free,3 dígitos,44110.0,44110,44110,True,True,401x110 = ?
nvidia/nemotron-3-ultra-550b-a55b:free,3 dígitos,44110.0,44110,44110,True,True,401x110 = ?
minimax/minimax-m2.7:free,3 dígitos,44110.0,44110,44110,True,True,401x110 = ?
nvidia/nemotron-3-super-120b-a12b:free,3 dígitos,44110.0,44110,44110,True,True,401x110 = ?
dots-3-note-preview:free,3 dígitos,202252.0,"

202252",202252,True,True,236x857 = ?
liquid/lfm-2.5-2.6b:free,3 dígitos,202252.0,202252,202252,True,True,236x857 = ?
nvidia/nemotron-3.5-lightning:free,3 dígitos,202252.0,202252,202252,True,True,236x857 = ?
poolside/laguna-s-2.1:free,3 dígitos,202252.0,202252,202252,True,True,236x857 = ?
cohere/north-mini-code:free,3 dígitos,202252.0,202252,202252,True,True,236x857 = ?
nvidia/nemotron-3-nano-omni-30b-a3b-reasoning:free,3 dígitos,202252.0,202252,202252,True,True,236x857 = ?
minimax/minimax-m2.7:free,3 dígitos,202252.0,202252,202252,True,True,236x857 = ?
nvidia/nemotron-3-super-120b-a12b:free,3 dígitos,202252.0,202252,202252,True,True,236x857 = ?
dots-3-note-preview:free,3 dígitos,173355.0,"

173355",173355,True,True,381x455 = ?
liquid/lfm-2.5-2.6b:free,3 dígitos,173355.0,173355,173355,True,True,381x455 = ?
nvidia/nemotron-3.5-lightning:free,3 dígitos,173355.0,173355,173355,True,True,381x455 = ?
cohere/north-mini-code:free,3 dígitos,173355.0,173355,173355,True,True,381x455 = ?
nvidia/nemotron-3-ultra-550b-a55b:free,3 dígitos,173355.0,173355,173355,True,True,381x455 = ?
nvidia/nemotron-3-nano-omni-30b-a3b-reasoning:free,3 dígitos,173355.0,173355,173355,True,True,381x455 = ?
minimax/minimax-m2.7:free,3 dígitos,173355.0,173355,173355,True,True,381x455 = ?
nvidia/nemotron-3-super-120b-a12b:free,3 dígitos,173355.0,173355,173355,True,True,381x455 = ?
google/gemma-4-31b-it:free,3 dígitos,84084.0,84084,84084,True,True,286x294 = ?
poolside/laguna-xs-2.1:free,3 dígitos,44110.0,44110,44110,True,True,401x110 = ?
poolside/laguna-xs-2.1:free,3 dígitos,202252.0,202252,202252,True,True,236x857 = ?
dots-3-note-preview:free,3 dígitos,493633.0,"

493633",493633,True,True,679x727 = ?
liquid/lfm-2.5-2.6b:free,3 dígitos,493633.0,493633,493633,True,True,679x727 = ?
nvidia/nemotron-3.5-lightning:free,3 dígitos,493633.0,493633,493633,True,True,679x727 = ?
cohere/north-mini-code:free,3 dígitos,493633.0,493633,493633,True,True,679x727 = ?
nvidia/nemotron-3-nano-omni-30b-a3b-reasoning:free,3 dígitos,493633.0,493633,493633,True,True,679x727 = ?
minimax/minimax-m2.7:free,3 dígitos,493633.0,493633,493633,True,True,679x727 = ?
nvidia/nemotron-3-super-120b-a12b:free,3 dígitos,493633.0,493633,493633,True,True,679x727 = ?
dots-3-note-preview:free,3 dígitos,260599.0,"

260599",260599,True,True,421x619 = ?
liquid/lfm-2.5-2.6b:free,3 dígitos,260599.0,260599,260599,True,True,421x619 = ?
nvidia/nemotron-3.5-lightning:free,3 dígitos,260599.0,260599,260599,True,True,421x619 = ?
cohere/north-mini-code:free,3 dígitos,260599.0,260599,260599,True,True,421x619 = ?
nvidia/nemotron-3-ultra-550b-a55b:free,3 dígitos,260599.0,260599,260599,True,True,421x619 = ?
nvidia/nemotron-3-nano-omni-30b-a3b-reasoning:free,3 dígitos,260599.0,260599,260599,True,True,421x619 = ?
minimax/minimax-m2.7:free,3 dígitos,260599.0,260599,260599,True,True,421x619 = ?
nvidia/nemotron-3-super-120b-a12b:free,3 dígitos,260599.0,260599,260599,True,True,421x619 = ?
dots-3-note-preview:free,3 dígitos,535718.0,"

535718",535718,True,True,554x967 = ?
nvidia/nemotron-3.5-lightning:free,3 dígitos,535718.0,535718,535718,True,True,554x967 = ?
cohere/north-mini-code:free,3 dígitos,535718.0,535718,535718,True,True,554x967 = ?
nvidia/nemotron-3-ultra-550b-a55b:free,3 dígitos,535718.0,535718,535718,True,True,554x967 = ?
nvidia/nemotron-3-nano-omni-30b-a3b-reasoning:free,3 dígitos,535718.0,535718,535718,True,True,554x967 = ?
google/gemma-4-26b-a4b-it:free,3 dígitos,535718.0,535718,535718,True,True,554x967 = ?
poolside/laguna-s-2.1:free,3 dígitos,493633.0,493633,493633,True,True,679x727 = ?
poolside/laguna-s-2.1:free,3 dígitos,535718.0,535718,535718,True,True,554x967 = ?
minimax/minimax-m2.7:free,3 dígitos,535718.0,535718,535718,True,True,554x967 = ?
nvidia/nemotron-3-super-120b-a12b:free,3 dígitos,535718.0,535718,535718,True,True,554x967 = ?
dots-3-note-preview:free,3 dígitos,253175.0,"

253175",253175,True,True,325x779 = ?
liquid/lfm-2.5-2.6b:free,3 dígitos,253175.0,253175,253175,True,True,325x779 = ?
nvidia/nemotron-3.5-lightning:free,3 dígitos,253175.0,253175,253175,True,True,325x779 = ?
poolside/laguna-s-2.1:free,3 dígitos,253175.0,253175,253175,True,True,325x779 = ?
cohere/north-mini-code:free,3 dígitos,253175.0,253175,253175,True,True,325x779 = ?
nvidia/nemotron-3-nano-omni-30b-a3b-reasoning:free,3 dígitos,253175.0,253175,253175,True,True,325x779 = ?
minimax/minimax-m2.7:free,3 dígitos,253175.0,253175,253175,True,True,325x779 = ?
nvidia/nemotron-3-super-120b-a12b:free,3 dígitos,253175.0,253175,253175,True,True,325x779 = ?
dots-3-note-preview:free,3 dígitos,167040.0,"

167040",167040,True,True,320x522 = ?
nvidia/nemotron-3.5-lightning:free,3 dígitos,167040.0,167040,167040,True,True,320x522 = ?
cohere/north-mini-code:free,3 dígitos,167040.0,167040,167040,True,True,320x522 = ?
nvidia/nemotron-3-ultra-550b-a55b:free,3 dígitos,167040.0,167040,167040,True,True,320x522 = ?
poolside/laguna-xs-2.1:free,3 dígitos,535718.0,535718,535718,True,True,554x967 = ?
poolside/laguna-xs-2.1:free,3 dígitos,167040.0,167040,167040,True,True,320x522 = ?
nvidia/nemotron-3-nano-omni-30b-a3b-reasoning:free,3 dígitos,167040.0,167040,167040,True,True,320x522 = ?
minimax/minimax-m2.7:free,3 dígitos,167040.0,167040,167040,True,True,320x522 = ?
nvidia/nemotron-3-super-120b-a12b:free,3 dígitos,167040.0,167040,167040,True,True,320x522 = ?
dots-3-note-preview:free,3 dígitos,63516.0,"

63516",63516,True,True,237x268 = ?
liquid/lfm-2.5-2.6b:free,3 dígitos,63516.0,63516,63516,True,True,237x268 = ?
nvidia/nemotron-3.5-lightning:free,3 dígitos,63516.0,63516,63516,True,True,237x268 = ?
cohere/north-mini-code:free,3 dígitos,63516.0,63516,63516,True,True,237x268 = ?
google/gemma-4-26b-a4b-it:free,3 dígitos,253175.0,253175,253175,True,True,325x779 = ?
nvidia/nemotron-3-ultra-550b-a55b:free,3 dígitos,63516.0,63516,63516,True,True,237x268 = ?
nvidia/nemotron-3-nano-omni-30b-a3b-reasoning:free,3 dígitos,63516.0,63516,63516,True,True,237x268 = ?
minimax/minimax-m2.7:free,3 dígitos,63516.0,63516,63516,True,True,237x268 = ?
nvidia/nemotron-3-super-120b-a12b:free,3 dígitos,63516.0,63516,63516,True,True,237x268 = ?
dots-3-note-preview:free,3 dígitos,249736.0,"

249736",249736,True,True,589x424 = ?
liquid/lfm-2.5-2.6b:free,3 dígitos,249736.0,249736,249736,True,True,589x424 = ?
nvidia/nemotron-3.5-lightning:free,3 dígitos,249736.0,249736,249736,True,True,589x424 = ?
poolside/laguna-s-2.1:free,3 dígitos,249736.0,249736,249736,True,True,589x424 = ?
cohere/north-mini-code:free,3 dígitos,249736.0,249736,249736,True,True,589x424 = ?
nvidia/nemotron-3-ultra-550b-a55b:free,3 dígitos,249736.0,249736,249736,True,True,589x424 = ?
nvidia/nemotron-3-nano-omni-30b-a3b-reasoning:free,3 dígitos,249736.0,249736,249736,True,True,589x424 = ?
minimax/minimax-m2.7:free,3 dígitos,249736.0,249736,249736,True,True,589x424 = ?
nvidia/nemotron-3-super-120b-a12b:free,3 dígitos,249736.0,249736,249736,True,True,589x424 = ?
dots-3-note-preview:free,3 dígitos,190890.0,"

190890",190890,True,True,606x315 = ?
liquid/lfm-2.5-2.6b:free,3 dígitos,190890.0,190890,190890,True,True,606x315 = ?
z-ai/glm-5.2:free,2 dígitos,4140.0,4140,4140,True,True,46x90 = ?
nvidia/nemotron-3-ultra-550b-a55b:free,2 dígitos,4118.0,4118,4118,True,True,71x58 = ?
nvidia/nemotron-3-nano-omni-30b-a3b-reasoning:free,2 dígitos,1054.0,1054,1054,True,True,17x62 = ?
poolside/laguna-s-2.1:free,2 dígitos,3515.0,3515,3515,True,True,95x37 = ?
nvidia/nemotron-3-ultra-550b-a55b:free,2 dígitos,650.0,650,650,True,True,50x13 = ?
nvidia/nemotron-3-super-120b-a12b:free,2 dígitos,650.0,650,650,True,True,50x13 = ?
poolside/laguna-s-2.1:free,2 dígitos,700.0,700,700,True,True,28x25 = ?
poolside/laguna-s-2.1:free,2 dígitos,1480.0,1480,1480,True,True,37x40 = ?
nvidia/nemotron-3-nano-omni-30b-a3b-reasoning:free,2 dígitos,1480.0,1480,1480,True,True,37x40 = ?
poolside/laguna-xs-2.1:free,2 dígitos,4960.0,4960,4960,True,True,62x80 = ?
poolside/laguna-s-2.1:free,2 dígitos,3240.0,3240,3240,True,True,36x90 = ?
poolside/laguna-s-2.1:free,2 dígitos,384.0,384,384,True,True,16x24 = ?
poolside/laguna-s-2.1:free,2 dígitos,5440.0,5440,5440,True,True,85x64 = ?
poolside/laguna-s-2.1:free,2 dígitos,3604.0,3604,3604,True,True,53x68 = ?
nvidia/nemotron-3.5-lightning:free,2 dígitos,5640.0,5640,5640,True,True,60x94 = ?
poolside/laguna-s-2.1:free,2 dígitos,3894.0,3894,3894,True,True,66x59 = ?
poolside/laguna-s-2.1:free,2 dígitos,1001.0,1001,1001,True,True,91x11 = ?
poolside/laguna-s-2.1:free,2 dígitos,5664.0,5664,5664,True,True,59x96 = ?
poolside/laguna-s-2.1:free,2 dígitos,304.0,304,304,True,True,16x19 = ?
poolside/laguna-s-2.1:free,2 dígitos,7440.0,7440,7440,True,True,93x80 = ?
poolside/laguna-s-2.1:free,2 dígitos,1408.0,1408,1408,True,True,22x64 = ?
nvidia/nemotron-3-ultra-550b-a55b:free,2 dígitos,1408.0,1408,1408,True,True,22x64 = ?
nvidia/nemotron-3-nano-omni-30b-a3b-reasoning:free,2 dígitos,1408.0,1408,1408,True,True,22x64 = ?
poolside/laguna-s-2.1:free,2 dígitos,1776.0,1776,1776,True,True,37x48 = ?
poolside/laguna-s-2.1:free,2 dígitos,1400.0,1400,1400,True,True,56x25 = ?
poolside/laguna-xs-2.1:free,2 dígitos,5640.0,5640,5640,True,True,60x94 = ?
poolside/laguna-xs-2.1:free,2 dígitos,1001.0,1001,1001,True,True,13x77 = ?
poolside/laguna-xs-2.1:free,2 dígitos,1287.0,1287,1287,True,True,99x13 = ?
poolside/laguna-xs-2.1:free,2 dígitos,1776.0,1776,1776,True,True,37x48 = ?
poolside/laguna-xs-2.1:free,2 dígitos,1917.0,1917,1917,True,True,27x71 = ?
poolside/laguna-xs-2.1:free,2 dígitos,6300.0,6300,6300,True,True,84x75 = ?
poolside/laguna-xs-2.1:free,2 dígitos,1755.0,1755,1755,True,True,45x39 = ?
poolside/laguna-s-2.1:free,2 dígitos,1023.0,1023,1023,True,True,11x93 = ?
nvidia/nemotron-3-ultra-550b-a55b:free,2 dígitos,1023.0,1023,1023,True,True,11x93 = ?
poolside/laguna-s-2.1:free,2 dígitos,3120.0,3120,3120,True,True,78x40 = ?
nvidia/nemotron-3-ultra-550b-a55b:free,2 dígitos,874.0,874,874,True,True,23x38 = ?
poolside/laguna-s-2.1:free,2 dígitos,23000.0,23000,2300,False,True,46x50 = ?
nvidia/nemotron-3-ultra-550b-a55b:free,2 dígitos,7154.0,7154,7154,True,True,98x73 = ?
poolside/laguna-s-2.1:free,2 dígitos,5916.0,5916,5916,True,True,68x87 = ?
nvidia/nemotron-3-ultra-550b-a55b:free,2 dígitos,5916.0,5916,5916,True,True,68x87 = ?
poolside/laguna-s-2.1:free,2 dígitos,1584.0,1584,1584,True,True,18x88 = ?
poolside/laguna-s-2.1:free,2 dígitos,1200.0,1200,1200,True,True,16x75 = ?
nvidia/nemotron-3-super-120b-a12b:free,2 dígitos,1200.0,1200,1200,True,True,16x75 = ?
poolside/laguna-s-2.1:free,2 dígitos,4000.0,4000,4000,True,True,80x50 = ?
nvidia/nemotron-3-nano-omni-30b-a3b-reasoning:free,2 dígitos,7224.0,7224,7224,True,True,84x86 = ?
poolside/laguna-xs-2.1:free,2 dígitos,7840.0,7840,7840,True,True,98x80 = ?
poolside/laguna-xs-2.1:free,2 dígitos,2300.0,2300,2300,True,True,46x50 = ?
nvidia/nemotron-3-nano-omni-30b-a3b-reasoning:free,2 dígitos,4488.0,4488,4488,True,True,51x88 = ?
poolside/laguna-xs-2.1:free,2 dígitos,6402.0,6402,6402,True,True,66x97 = ?
nvidia/nemotron-3-nano-omni-30b-a3b-reasoning:free,2 dígitos,6402.0,6402,6402,True,True,66x97 = ?
poolside/laguna-xs-2.1:free,2 dígitos,2646.0,2646,2646,True,True,27x98 = ?
nvidia/nemotron-3-nano-omni-30b-a3b-reasoning:free,2 dígitos,7663.0,7663,7663,True,True,97x79 = ?
nvidia/nemotron-3.5-lightning:free,2 dígitos,1260.0,1260,1260,True,True,45x28 = ?
nvidia/nemotron-3-ultra-550b-a55b:free,2 dígitos,1260.0,1260,1260,True,True,45x28 = ?
nvidia/nemotron-3-nano-omni-30b-a3b-reasoning:free,2 dígitos,1260.0,1260,1260,True,True,45x28 = ?
poolside/laguna-xs-2.1:free,2 dígitos,3584.0,3584,3584,True,True,56x64 = ?
nvidia/nemotron-3-nano-omni-30b-a3b-reasoning:free,3 dígitos,190890.0,190890,190890,True,True,606x315 = ?
nvidia/nemotron-3-ultra-550b-a55b:free,3 dígitos,190890.0,190890,190890,True,True,606x315 = ?
cohere/north-mini-code:free,3 dígitos,190890.0,190890,190890,True,True,606x315 = ?
nvidia/nemotron-3.5-lightning:free,3 dígitos,190890.0,190890,190890,True,True,606x315 = ?
nvidia/nemotron-3-ultra-550b-a55b:free,3 dígitos,253175.0,253175,253175,True,True,325x779 = ?
nvidia/nemotron-3-ultra-550b-a55b:free,3 dígitos,493633.0,493633,493633,True,True,679x727 = ?
nvidia/nemotron-3-ultra-550b-a55b:free,3 dígitos,202252.0,202252,202252,True,True,236x857 = ?
nvidia/nemotron-3-nano-omni-30b-a3b-reasoning:free,3 dígitos,44110.0,44110,44110,True,True,401x110 = ?
nvidia/nemotron-3-nano-omni-30b-a3b-reasoning:free,3 dígitos,910115.0,910115,910115,True,True,955x953 = ?
nvidia/nemotron-3-super-120b-a12b:free,3 dígitos,310050.0,310050,310050,True,True,795x390 = ?
nvidia/nemotron-3-nano-omni-30b-a3b-reasoning:free,3 dígitos,310050.0,310050,310050,True,True,795x390 = ?
nvidia/nemotron-3-nano-omni-30b-a3b-reasoning:free,3 dígitos,270080.0,270080,270080,True,True,640x422 = ?
nvidia/nemotron-3-super-120b-a12b:free,2 dígitos,3397.0,3397,3397,True,True,43x79 = ?
nvidia/nemotron-3-ultra-550b-a55b:free,2 dígitos,4620.0,4620,4620,True,True,66x70 = ?
nvidia/nemotron-3-nano-omni-30b-a3b-reasoning:free,2 dígitos,756.0,756,756,True,True,21x36 = ?
nvidia/nemotron-3-ultra-550b-a55b:free,2 dígitos,756.0,756,756,True,True,21x36 = ?
nvidia/nemotron-3-ultra-550b-a55b:free,2 dígitos,3584.0,3584,3584,True,True,56x64 = ?
z-ai/glm-5.2:free,2 dígitos,700.0,700,700,True,True,28x25 = ?
poolside/laguna-s-2.1:free,2 dígitos,4488.0,4488,4488,True,True,51x88 = ?
poolside/laguna-s-2.1:free,2 dígitos,6402.0,6402,6402,True,True,66x97 = ?
poolside/laguna-s-2.1:free,2 dígitos,720.0,720,720,True,True,60x12 = ?
poolside/laguna-s-2.1:free,2 dígitos,3685.0,3685,3685,True,True,55x67 = ?
poolside/laguna-s-2.1:free,2 dígitos,7553.0,7553,7553,True,True,83x91 = ?
poolside/laguna-s-2.1:free,2 dígitos,756.0,756,756,True,True,21x36 = ?
poolside/laguna-xs-2.1:free,2 dígitos,756.0,756,756,True,True,21x36 = ?
poolside/laguna-s-2.1:free,2 dígitos,1700.0,1700,1700,True,True,85x20 = ?
poolside/laguna-s-2.1:free,2 dígitos,1155.0,1155,1155,True,True,33x35 = ?
poolside/laguna-xs-2.1:free,2 dígitos,2479.0,2479,2479,True,True,37x67 = ?
poolside/laguna-s-2.1:free,2 dígitos,1144.0,1144,1144,True,True,13x88 = ?
poolside/laguna-s-2.1:free,2 dígitos,6555.0,6555,6555,True,True,95x69 = ?
poolside/laguna-xs-2.1:free,2 dígitos,6555.0,6555,6555,True,True,95x69 = ?
poolside/laguna-s-2.1:free,2 dígitos,9409.0,9409,9409,True,True,97x97 = ?
poolside/laguna-s-2.1:free,2 dígitos,1106.0,1106,1106,True,True,14x79 = ?
poolside/laguna-s-2.1:free,2 dígitos,4620.0,4620,4620,True,True,66x70 = ?
poolside/laguna-s-2.1:free,2 dígitos,1444.0,1444,1444,True,True,19x76 = ?
poolside/laguna-s-2.1:free,3 dígitos,640422270080.0,640 × 422 = 270080,270080,False,True,640x422 = ?
poolside/laguna-s-2.1:free,3 dígitos,92400.0,92400,92400,True,True,110x840 = ?
poolside/laguna-s-2.1:free,3 dígitos,758641.0,758641,758641,True,True,871x871 = ?
poolside/laguna-s-2.1:free,3 dígitos,173355.0,173355,173355,True,True,381x455 = ?
poolside/laguna-s-2.1:free,3 dígitos,260599.0,260599,260599,True,True,421x619 = ?
poolside/laguna-s-2.1:free,3 dígitos,190890.0,190890,190890,True,True,606x315 = ?
nvidia/nemotron-3-super-120b-a12b:free,3 dígitos,190890.0,190890,190890,True,True,606x315 = ?
dots-3-note-preview:free,3 dígitos,426220.0,"

426220",426220,True,True,844x505 = ?
nvidia/nemotron-3.5-lightning:free,3 dígitos,426220.0,426220,426220,True,True,844x505 = ?
poolside/laguna-s-2.1:free,3 dígitos,426220.0,426220,426220,True,True,844x505 = ?
cohere/north-mini-code:free,3 dígitos,426220.0,426220,426220,True,True,844x505 = ?
nvidia/nemotron-3-ultra-550b-a55b:free,3 dígitos,426220.0,426220,426220,True,True,844x505 = ?
nvidia/nemotron-3-nano-omni-30b-a3b-reasoning:free,3 dígitos,426220.0,426220,426220,True,True,844x505 = ?
minimax/minimax-m2.7:free,3 dígitos,426220.0,426220,426220,True,True,844x505 = ?
nvidia/nemotron-3-super-120b-a12b:free,3 dígitos,426220.0,426220,426220,True,True,844x505 = ?
dots-3-note-preview:free,3 dígitos,643518.0,"

643518",643518,True,True,701x918 = ?
nvidia/nemotron-3.5-lightning:free,3 dígitos,643518.0,643518,643518,True,True,701x918 = ?
poolside/laguna-s-2.1:free,3 dígitos,643518.0,643518,643518,True,True,701x918 = ?
cohere/north-mini-code:free,3 dígitos,643518.0,643518,643518,True,True,701x918 = ?
minimax/minimax-m2.7:free,3 dígitos,643518.0,643518,643518,True,True,701x918 = ?
nvidia/nemotron-3-super-120b-a12b:free,3 dígitos,643518.0,643518,643518,True,True,701x918 = ?
dots-3-note-preview:free,3 dígitos,101376.0,"

101376",101376,True,True,144x704 = ?
nvidia/nemotron-3.5-lightning:free,3 dígitos,101376.0,101376,101376,True,True,144x704 = ?
cohere/north-mini-code:free,3 dígitos,101376.0,101376,101376,True,True,144x704 = ?
nvidia/nemotron-3-nano-omni-30b-a3b-reasoning:free,3 dígitos,101376.0,101376,101376,True,True,144x704 = ?
nvidia/nemotron-3-super-120b-a12b:free,3 dígitos,101376.0,101376,101376,True,True,144x704 = ?
dots-3-note-preview:free,3 dígitos,191843.0,"

191843",191843,True,True,439x437 = ?
nvidia/nemotron-3.5-lightning:free,3 dígitos,191843.0,191843,191843,True,True,439x437 = ?
z-ai/glm-5.2:free,2 dígitos,1917.0,1917,1917,True,True,27x71 = ?
poolside/laguna-xs-2.1:free,3 dígitos,191843.0,191843,191843,True,True,439x437 = ?
cohere/north-mini-code:free,3 dígitos,191843.0,191843,191843,True,True,439x437 = ?
nvidia/nemotron-3-ultra-550b-a55b:free,3 dígitos,191843.0,191843,191843,True,True,439x437 = ?
nvidia/nemotron-3-nano-omni-30b-a3b-reasoning:free,3 dígitos,191843.0,191843,191843,True,True,439x437 = ?
nvidia/nemotron-3-super-120b-a12b:free,3 dígitos,191843.0,191843,191843,True,True,439x437 = ?
dots-3-note-preview:free,3 dígitos,100464.0,"

100464",100464,True,True,483x208 = ?
nvidia/nemotron-3.5-lightning:free,3 dígitos,100464.0,100464,100464,True,True,483x208 = ?
cohere/north-mini-code:free,3 dígitos,100464.0,100464,100464,True,True,483x208 = ?
nvidia/nemotron-3-ultra-550b-a55b:free,3 dígitos,100464.0,100464,100464,True,True,483x208 = ?
nvidia/nemotron-3-nano-omni-30b-a3b-reasoning:free,3 dígitos,100464.0,100464,100464,True,True,483x208 = ?
nvidia/nemotron-3-super-120b-a12b:free,3 dígitos,100464.0,100464,100464,True,True,483x208 = ?
dots-3-note-preview:free,3 dígitos,654156.0,"

654156",654156,True,True,673x972 = ?
cohere/north-mini-code:free,3 dígitos,654156.0,654156,654156,True,True,673x972 = ?
minimax/minimax-m2.7:free,3 dígitos,191843.0,191843,191843,True,True,439x437 = ?
poolside/laguna-s-2.1:free,3 dígitos,100464.0,100464,100464,True,True,483x208 = ?
minimax/minimax-m2.7:free,3 dígitos,100464.0,100464,100464,True,True,483x208 = ?
poolside/laguna-s-2.1:free,3 dígitos,654156.0,654156,654156,True,True,673x972 = ?
nvidia/nemotron-3-ultra-550b-a55b:free,3 dígitos,654156.0,654156,654156,True,True,673x972 = ?
nvidia/nemotron-3-nano-omni-30b-a3b-reasoning:free,3 dígitos,654156.0,654156,654156,True,True,673x972 = ?
minimax/minimax-m2.7:free,3 dígitos,654156.0,654156,654156,True,True,673x972 = ?
nvidia/nemotron-3-super-120b-a12b:free,3 dígitos,654156.0,654156,654156,True,True,673x972 = ?
dots-3-note-preview:free,3 dígitos,298073.0,"

298073",298073,True,True,347x859 = ?
nvidia/nemotron-3.5-lightning:free,3 dígitos,298073.0,298073,298073,True,True,347x859 = ?
poolside/laguna-s-2.1:free,3 dígitos,298073.0,298073,298073,True,True,347x859 = ?
cohere/north-mini-code:free,3 dígitos,298073.0,298073,298073,True,True,347x859 = ?
nvidia/nemotron-3-ultra-550b-a55b:free,3 dígitos,298073.0,298073,298073,True,True,347x859 = ?
nvidia/nemotron-3-nano-omni-30b-a3b-reasoning:free,3 dígitos,298073.0,298073,298073,True,True,347x859 = ?
minimax/minimax-m2.7:free,3 dígitos,298073.0,298073,298073,True,True,347x859 = ?
nvidia/nemotron-3-super-120b-a12b:free,3 dígitos,298073.0,298073,298073,True,True,347x859 = ?
dots-3-note-preview:free,3 dígitos,72390.0,"

72390",72390,True,True,114x635 = ?
liquid/lfm-2.5-2.6b:free,3 dígitos,72390.0,72390,72390,True,True,114x635 = ?
nvidia/nemotron-3.5-lightning:free,3 dígitos,72390.0,72390,72390,True,True,114x635 = ?
z-ai/glm-5.2:free,2 dígitos,1037.0,1037,1037,True,True,61x17 = ?
poolside/laguna-xs-2.1:free,3 dígitos,298073.0,298073,298073,True,True,347x859 = ?
poolside/laguna-s-2.1:free,3 dígitos,72390.0,72390,72390,True,True,114x635 = ?
poolside/laguna-xs-2.1:free,3 dígitos,72390.0,72390,72390,True,True,114x635 = ?
cohere/north-mini-code:free,3 dígitos,72390.0,72390,72390,True,True,114x635 = ?
nvidia/nemotron-3-ultra-550b-a55b:free,3 dígitos,72390.0,72390,72390,True,True,114x635 = ?
nvidia/nemotron-3-nano-omni-30b-a3b-reasoning:free,3 dígitos,72390.0,72390,72390,True,True,114x635 = ?
minimax/minimax-m2.7:free,3 dígitos,72390.0,72390,72390,True,True,114x635 = ?
nvidia/nemotron-3-super-120b-a12b:free,3 dígitos,72390.0,72390,72390,True,True,114x635 = ?
dots-3-note-preview:free,3 dígitos,677970.0,"

677970",677970,True,True,930x729 = ?
nvidia/nemotron-3.5-lightning:free,3 dígitos,677970.0,677970,677970,True,True,930x729 = ?
poolside/laguna-s-2.1:free,3 dígitos,677970.0,677970,677970,True,True,930x729 = ?
cohere/north-mini-code:free,3 dígitos,677970.0,677970,677970,True,True,930x729 = ?
nvidia/nemotron-3-ultra-550b-a55b:free,3 dígitos,677970.0,677970,677970,True,True,930x729 = ?
minimax/minimax-m2.7:free,3 dígitos,677970.0,677970,677970,True,True,930x729 = ?
nvidia/nemotron-3-super-120b-a12b:free,3 dígitos,677970.0,677970,677970,True,True,930x729 = ?
dots-3-note-preview:free,3 dígitos,589584.0,"

589584",589584,True,True,692x852 = ?
z-ai/glm-5.2:free,2 dígitos,2300.0,2300,2300,True,True,46x50 = ?
nvidia/nemotron-3.5-lightning:free,3 dígitos,589584.0,589584,589584,True,True,692x852 = ?
poolside/laguna-s-2.1:free,3 dígitos,589584.0,589584,589584,True,True,692x852 = ?
cohere/north-mini-code:free,3 dígitos,589584.0,589584,589584,True,True,692x852 = ?
nvidia/nemotron-3-ultra-550b-a55b:free,3 dígitos,589584.0,589584,589584,True,True,692x852 = ?
nvidia/nemotron-3-nano-omni-30b-a3b-reasoning:free,3 dígitos,589584.0,589584,589584,True,True,692x852 = ?
minimax/minimax-m2.7:free,3 dígitos,589584.0,589584,589584,True,True,692x852 = ?
nvidia/nemotron-3-super-120b-a12b:free,3 dígitos,589584.0,589584,589584,True,True,692x852 = ?
dots-3-note-preview:free,3 dígitos,85176.0,"

85176",85176,True,True,338x252 = ?
poolside/laguna-s-2.1:free,3 dígitos,85176.0,85176,85176,True,True,338x252 = ?
cohere/north-mini-code:free,3 dígitos,85176.0,85176,85176,True,True,338x252 = ?
nvidia/nemotron-3-ultra-550b-a55b:free,3 dígitos,85176.0,85176,85176,True,True,338x252 = ?
nvidia/nemotron-3-nano-omni-30b-a3b-reasoning:free,3 dígitos,85176.0,85176,85176,True,True,338x252 = ?
minimax/minimax-m2.7:free,3 dígitos,85176.0,85176,85176,True,True,338x252 = ?
nvidia/nemotron-3-super-120b-a12b:free,3 dígitos,85176.0,85176,85176,True,True,338x252 = ?
dots-3-note-preview:free,3 dígitos,54918.0,"

54918",54918,True,True,226x243 = ?
nvidia/nemotron-3.5-lightning:free,3 dígitos,54918.0,54918,54918,True,True,226x243 = ?
poolside/laguna-s-2.1:free,3 dígitos,54918.0,54918,54918,True,True,226x243 = ?
cohere/north-mini-code:free,3 dígitos,54918.0,54918,54918,True,True,226x243 = ?
nvidia/nemotron-3-ultra-550b-a55b:free,3 dígitos,54918.0,54918,54918,True,True,226x243 = ?
nvidia/nemotron-3-nano-omni-30b-a3b-reasoning:free,3 dígitos,54918.0,54918,54918,True,True,226x243 = ?
minimax/minimax-m2.7:free,3 dígitos,54918.0,"
54918",54918,True,True,226x243 = ?
nvidia/nemotron-3-super-120b-a12b:free,3 dígitos,54918.0,54918,54918,True,True,226x243 = ?
dots-3-note-preview:free,3 dígitos,416796.0,"

416796",416796,True,True,564x739 = ?
nvidia/nemotron-3.5-lightning:free,3 dígitos,416796.0,416796,416796,True,True,564x739 = ?
poolside/laguna-s-2.1:free,3 dígitos,416796.0,416796,416796,True,True,564x739 = ?
poolside/laguna-xs-2.1:free,3 dígitos,416796.0,416796,416796,True,True,564x739 = ?
cohere/north-mini-code:free,3 dígitos,416796.0,416796,416796,True,True,564x739 = ?
nvidia/nemotron-3-ultra-550b-a55b:free,3 dígitos,416796.0,416796,416796,True,True,564x739 = ?
nvidia/nemotron-3-nano-omni-30b-a3b-reasoning:free,3 dígitos,416796.0,416796,416796,True,True,564x739 = ?
minimax/minimax-m2.7:free,3 dígitos,416796.0,416796,416796,True,True,564x739 = ?
nvidia/nemotron-3-super-120b-a12b:free,3 dígitos,416796.0,416796,416796,True,True,564x739 = ?
dots-3-note-preview:free,3 dígitos,413424.0,"

413424",413424,True,True,594x696 = ?
nvidia/nemotron-3.5-lightning:free,3 dígitos,413424.0,413424,413424,True,True,594x696 = ?
poolside/laguna-s-2.1:free,3 dígitos,413424.0,413424,413424,True,True,594x696 = ?
cohere/north-mini-code:free,3 dígitos,413424.0,413424,413424,True,True,594x696 = ?
nvidia/nemotron-3-ultra-550b-a55b:free,3 dígitos,413424.0,413424,413424,True,True,594x696 = ?
nvidia/nemotron-3-nano-omni-30b-a3b-reasoning:free,3 dígitos,413424.0,413424,413424,True,True,594x696 = ?
minimax/minimax-m2.7:free,3 dígitos,413424.0,413424,413424,True,True,594x696 = ?
nvidia/nemotron-3-super-120b-a12b:free,3 dígitos,413424.0,413424,413424,True,True,594x696 = ?
dots-3-note-preview:free,3 dígitos,720797.0,"

720797",720797,True,True,847x851 = ?
nvidia/nemotron-3.5-lightning:free,3 dígitos,720797.0,720797,720797,True,True,847x851 = ?
poolside/laguna-s-2.1:free,3 dígitos,720797.0,720797,720797,True,True,847x851 = ?
cohere/north-mini-code:free,3 dígitos,720797.0,720797,720797,True,True,847x851 = ?
nvidia/nemotron-3-ultra-550b-a55b:free,3 dígitos,721197.0,721197,720797,False,True,847x851 = ?
nvidia/nemotron-3-nano-omni-30b-a3b-reasoning:free,3 dígitos,720797.0,720797,720797,True,True,847x851 = ?
minimax/minimax-m2.7:free,3 dígitos,720797.0,720797,720797,True,True,847x851 = ?
nvidia/nemotron-3-super-120b-a12b:free,3 dígitos,720797.0,720797,720797,True,True,847x851 = ?
dots-3-note-preview:free,3 dígitos,313230.0,"

313230",313230,True,True,318x985 = ?
nvidia/nemotron-3.5-lightning:free,3 dígitos,313230.0,313230,313230,True,True,318x985 = ?
poolside/laguna-s-2.1:free,3 dígitos,313230.0,313230,313230,True,True,318x985 = ?
z-ai/glm-5.2:free,2 dígitos,9409.0,9409,9409,True,True,97x97 = ?
poolside/laguna-xs-2.1:free,3 dígitos,413424.0,413424,413424,True,True,594x696 = ?
poolside/laguna-xs-2.1:free,3 dígitos,720797.0,720797,720797,True,True,847x851 = ?
cohere/north-mini-code:free,3 dígitos,313230.0,313230,313230,True,True,318x985 = ?
nvidia/nemotron-3-ultra-550b-a55b:free,3 dígitos,313230.0,313230,313230,True,True,318x985 = ?
nvidia/nemotron-3-nano-omni-30b-a3b-reasoning:free,3 dígitos,313230.0,313230,313230,True,True,318x985 = ?
minimax/minimax-m2.7:free,3 dígitos,313230.0,313230,313230,True,True,318x985 = ?
nvidia/nemotron-3-super-120b-a12b:free,3 dígitos,313230.0,313230,313230,True,True,318x985 = ?
dots-3-note-preview:free,3 dígitos,153384.0,"

153384",153384,True,True,616x249 = ?
nvidia/nemotron-3.5-lightning:free,3 dígitos,153384.0,153384,153384,True,True,616x249 = ?
poolside/laguna-s-2.1:free,3 dígitos,153384.0,153384,153384,True,True,616x249 = ?
cohere/north-mini-code:free,3 dígitos,153384.0,153384,153384,True,True,616x249 = ?
nvidia/nemotron-3-ultra-550b-a55b:free,3 dígitos,153384.0,153384,153384,True,True,616x249 = ?
nvidia/nemotron-3-nano-omni-30b-a3b-reasoning:free,3 dígitos,153384.0,153384,153384,True,True,616x249 = ?
minimax/minimax-m2.7:free,3 dígitos,153384.0,153384,153384,True,True,616x249 = ?
nvidia/nemotron-3-super-120b-a12b:free,3 dígitos,153384.0,153384,153384,True,True,616x249 = ?
dots-3-note-preview:free,3 dígitos,336812.0,"

336812",336812,True,True,644x523 = ?
nvidia/nemotron-3.5-lightning:free,3 dígitos,336812.0,336812,336812,True,True,644x523 = ?
poolside/laguna-s-2.1:free,3 dígitos,336812.0,336812,336812,True,True,644x523 = ?
cohere/north-mini-code:free,3 dígitos,336812.0,336812,336812,True,True,644x523 = ?
minimax/minimax-m2.7:free,3 dígitos,336812.0,336812,336812,True,True,644x523 = ?
nvidia/nemotron-3-super-120b-a12b:free,3 dígitos,336812.0,336812,336812,True,True,644x523 = ?
dots-3-note-preview:free,3 dígitos,468510.0,"

468510",468510,True,True,485x966 = ?
nvidia/nemotron-3.5-lightning:free,3 dígitos,468510.0,468510,468510,True,True,485x966 = ?
poolside/laguna-s-2.1:free,3 dígitos,468510.0,468510,468510,True,True,485x966 = ?
cohere/north-mini-code:free,3 dígitos,468510.0,468510,468510,True,True,485x966 = ?
nvidia/nemotron-3-ultra-550b-a55b:free,3 dígitos,468510.0,468510,468510,True,True,485x966 = ?
nvidia/nemotron-3-nano-omni-30b-a3b-reasoning:free,3 dígitos,468510.0,468510,468510,True,True,485x966 = ?
minimax/minimax-m2.7:free,3 dígitos,468510.0,468510,468510,True,True,485x966 = ?
nvidia/nemotron-3-super-120b-a12b:free,3 dígitos,468510.0,468510,468510,True,True,485x966 = ?
dots-3-note-preview:free,3 dígitos,116596.0,"

116596",116596,True,True,206x566 = ?
nvidia/nemotron-3.5-lightning:free,3 dígitos,116596.0,116596,116596,True,True,206x566 = ?
poolside/laguna-s-2.1:free,3 dígitos,116596.0,116596,116596,True,True,206x566 = ?
poolside/laguna-xs-2.1:free,3 dígitos,336812.0,336812,336812,True,True,644x523 = ?
poolside/laguna-xs-2.1:free,3 dígitos,468510.0,468510,468510,True,True,485x966 = ?
cohere/north-mini-code:free,3 dígitos,116596.0,116596,116596,True,True,206x566 = ?
nvidia/nemotron-3-ultra-550b-a55b:free,3 dígitos,116596.0,116596,116596,True,True,206x566 = ?
nvidia/nemotron-3-nano-omni-30b-a3b-reasoning:free,3 dígitos,116596.0,116596,116596,True,True,206x566 = ?
minimax/minimax-m2.7:free,3 dígitos,116596.0,116596,116596,True,True,206x566 = ?
nvidia/nemotron-3-super-120b-a12b:free,3 dígitos,116596.0,116596,116596,True,True,206x566 = ?
dots-3-note-preview:free,3 dígitos,684970.0,"

684970",684970,True,True,715x958 = ?
nvidia/nemotron-3.5-lightning:free,3 dígitos,684970.0,684970,684970,True,True,715x958 = ?
poolside/laguna-s-2.1:free,3 dígitos,684970.0,684970,684970,True,True,715x958 = ?
cohere/north-mini-code:free,3 dígitos,684970.0,684970,684970,True,True,715x958 = ?
nvidia/nemotron-3-nano-omni-30b-a3b-reasoning:free,3 dígitos,684970.0,684970,684970,True,True,715x958 = ?
minimax/minimax-m2.7:free,3 dígitos,684970.0,684970,684970,True,True,715x958 = ?
nvidia/nemotron-3-super-120b-a12b:free,3 dígitos,684970.0,684970,684970,True,True,715x958 = ?
dots-3-note-preview:free,3 dígitos,238221.0,"

238221",238221,True,True,459x519 = ?
nvidia/nemotron-3.5-lightning:free,3 dígitos,238221.0,238221,238221,True,True,459x519 = ?
cohere/north-mini-code:free,3 dígitos,238221.0,238221,238221,True,True,459x519 = ?
nvidia/nemotron-3-ultra-550b-a55b:free,3 dígitos,238221.0,238221,238221,True,True,459x519 = ?
nvidia/nemotron-3-nano-omni-30b-a3b-reasoning:free,3 dígitos,238221.0,238221,238221,True,True,459x519 = ?
minimax/minimax-m2.7:free,3 dígitos,238221.0,238221,238221,True,True,459x519 = ?
nvidia/nemotron-3-super-120b-a12b:free,3 dígitos,238221.0,238221,238221,True,True,459x519 = ?
dots-3-note-preview:free,3 dígitos,582230.0,"

582230",582230,True,True,670x869 = ?
nvidia/nemotron-3.5-lightning:free,3 dígitos,582230.0,582230,582230,True,True,670x869 = ?
poolside/laguna-s-2.1:free,3 dígitos,582230.0,582230,582230,True,True,670x869 = ?
cohere/north-mini-code:free,3 dígitos,582230.0,582230,582230,True,True,670x869 = ?
nvidia/nemotron-3-ultra-550b-a55b:free,3 dígitos,582230.0,582230,582230,True,True,670x869 = ?
nvidia/nemotron-3-nano-omni-30b-a3b-reasoning:free,3 dígitos,582230.0,582230,582230,True,True,670x869 = ?
minimax/minimax-m2.7:free,3 dígitos,582230.0,582230,582230,True,True,670x869 = ?
nvidia/nemotron-3-super-120b-a12b:free,3 dígitos,582230.0,582230,582230,True,True,670x869 = ?
dots-3-note-preview:free,3 dígitos,315168.0,"

315168",315168,True,True,588x536 = ?
nvidia/nemotron-3.5-lightning:free,3 dígitos,315168.0,315168,315168,True,True,588x536 = ?
poolside/laguna-s-2.1:free,3 dígitos,588536315168.0,588 × 536 = 315168,315168,False,True,588x536 = ?
cohere/north-mini-code:free,3 dígitos,315168.0,315168,315168,True,True,588x536 = ?
minimax/minimax-m2.7:free,3 dígitos,315168.0,315168,315168,True,True,588x536 = ?
nvidia/nemotron-3-super-120b-a12b:free,3 dígitos,315168.0,315168,315168,True,True,588x536 = ?
dots-3-note-preview:free,3 dígitos,242970.0,"

242970",242970,True,True,273x890 = ?
nvidia/nemotron-3.5-lightning:free,3 dígitos,242970.0,242970,242970,True,True,273x890 = ?
cohere/north-mini-code:free,3 dígitos,242970.0,242970,242970,True,True,273x890 = ?
nvidia/nemotron-3-nano-omni-30b-a3b-reasoning:free,3 dígitos,242970.0,242970,242970,True,True,273x890 = ?
minimax/minimax-m2.7:free,3 dígitos,242970.0,242970,242970,True,True,273x890 = ?
dots-3-note-preview:free,3 dígitos,93330.0,"

93330",93330,True,True,610x153 = ?
nvidia/nemotron-3.5-lightning:free,3 dígitos,93330.0,93330,93330,True,True,610x153 = ?
cohere/north-mini-code:free,3 dígitos,93330.0,93330,93330,True,True,610x153 = ?
nvidia/nemotron-3-ultra-550b-a55b:free,3 dígitos,93330.0,93330,93330,True,True,610x153 = ?
minimax/minimax-m2.7:free,3 dígitos,93330.0,93330,93330,True,True,610x153 = ?
nvidia/nemotron-3-super-120b-a12b:free,3 dígitos,93330.0,93330,93330,True,True,610x153 = ?
dots-3-note-preview:free,3 dígitos,255850.0,"

255850",255850,True,True,430x595 = ?
nvidia/nemotron-3.5-lightning:free,3 dígitos,255850.0,255850,255850,True,True,430x595 = ?
cohere/north-mini-code:free,3 dígitos,255850.0,255850,255850,True,True,430x595 = ?
nvidia/nemotron-3-ultra-550b-a55b:free,3 dígitos,255850.0,255850,255850,True,True,430x595 = ?
minimax/minimax-m2.7:free,3 dígitos,255850.0,255850,255850,True,True,430x595 = ?
nvidia/nemotron-3-super-120b-a12b:free,3 dígitos,255850.0,255850,255850,True,True,430x595 = ?
dots-3-note-preview:free,3 dígitos,899388.0,"

899388",899388,True,True,996x903 = ?
nvidia/nemotron-3.5-lightning:free,3 dígitos,899388.0,899388,899388,True,True,996x903 = ?
cohere/north-mini-code:free,3 dígitos,899388.0,899388,899388,True,True,996x903 = ?
nvidia/nemotron-3-ultra-550b-a55b:free,3 dígitos,899388.0,899388,899388,True,True,996x903 = ?
nvidia/nemotron-3-nano-omni-30b-a3b-reasoning:free,3 dígitos,899388.0,899388,899388,True,True,996x903 = ?
minimax/minimax-m2.7:free,3 dígitos,899388.0,899388,899388,True,True,996x903 = ?
poolside/laguna-s-2.1:free,3 dígitos,242970.0,242970,242970,True,True,273x890 = ?
poolside/laguna-s-2.1:free,3 dígitos,93330.0,93330,93330,True,True,610x153 = ?
poolside/laguna-s-2.1:free,3 dígitos,255850.0,255850,255850,True,True,430x595 = ?
poolside/laguna-s-2.1:free,3 dígitos,899388.0,899388,899388,True,True,996x903 = ?
nvidia/nemotron-3-super-120b-a12b:free,3 dígitos,899388.0,899388,899388,True,True,996x903 = ?
dots-3-note-preview:free,3 dígitos,179523.0,"

179523",179523,True,True,981x183 = ?
nvidia/nemotron-3.5-lightning:free,3 dígitos,179523.0,179523,179523,True,True,981x183 = ?
cohere/north-mini-code:free,3 dígitos,179523.0,179523,179523,True,True,981x183 = ?
nvidia/nemotron-3-ultra-550b-a55b:free,3 dígitos,179523.0,179523,179523,True,True,981x183 = ?
nvidia/nemotron-3-nano-omni-30b-a3b-reasoning:free,3 dígitos,179523.0,179523,179523,True,True,981x183 = ?
minimax/minimax-m2.7:free,3 dígitos,179523.0,179523,179523,True,True,981x183 = ?
nvidia/nemotron-3-super-120b-a12b:free,3 dígitos,179523.0,179523,179523,True,True,981x183 = ?
dots-3-note-preview:free,3 dígitos,307350.0,"

307350",307350,True,True,450x683 = ?
nvidia/nemotron-3.5-lightning:free,3 dígitos,307350.0,307350,307350,True,True,450x683 = ?
poolside/laguna-s-2.1:free,3 dígitos,307350.0,307350,307350,True,True,450x683 = ?
cohere/north-mini-code:free,3 dígitos,307350.0,307350,307350,True,True,450x683 = ?
nvidia/nemotron-3-ultra-550b-a55b:free,3 dígitos,307350.0,307350,307350,True,True,450x683 = ?
nvidia/nemotron-3-nano-omni-30b-a3b-reasoning:free,3 dígitos,307350.0,307350,307350,True,True,450x683 = ?
minimax/minimax-m2.7:free,3 dígitos,307350.0,307350,307350,True,True,450x683 = ?
nvidia/nemotron-3-super-120b-a12b:free,3 dígitos,307350.0,307350,307350,True,True,450x683 = ?
dots-3-note-preview:free,3 dígitos,132745.0,"

132745",132745,True,True,139x955 = ?
nvidia/nemotron-3.5-lightning:free,3 dígitos,132745.0,132745,132745,True,True,139x955 = ?
cohere/north-mini-code:free,3 dígitos,132745.0,132745,132745,True,True,139x955 = ?
nvidia/nemotron-3-ultra-550b-a55b:free,3 dígitos,132745.0,132745,132745,True,True,139x955 = ?
nvidia/nemotron-3-nano-omni-30b-a3b-reasoning:free,3 dígitos,132745.0,132745,132745,True,True,139x955 = ?
minimax/minimax-m2.7:free,3 dígitos,132745.0,132745,132745,True,True,139x955 = ?
dots-3-note-preview:free,3 dígitos,571551.0,"

571551",571551,True,True,601x951 = ?
nvidia/nemotron-3.5-lightning:free,3 dígitos,571551.0,571551,571551,True,True,601x951 = ?
poolside/laguna-s-2.1:free,3 dígitos,132745.0,132745,132745,True,True,139x955 = ?
poolside/laguna-s-2.1:free,3 dígitos,571551.0,571551,571551,True,True,601x951 = ?
cohere/north-mini-code:free,3 dígitos,571551.0,571551,571551,True,True,601x951 = ?
nvidia/nemotron-3-ultra-550b-a55b:free,3 dígitos,571551.0,571551,571551,True,True,601x951 = ?
nvidia/nemotron-3-nano-omni-30b-a3b-reasoning:free,3 dígitos,571551.0,571551,571551,True,True,601x951 = ?
minimax/minimax-m2.7:free,3 dígitos,571551.0,571551,571551,True,True,601x951 = ?
nvidia/nemotron-3-super-120b-a12b:free,3 dígitos,571551.0,571551,571551,True,True,601x951 = ?
dots-3-note-preview:free,3 dígitos,427924.0,"

427924",427924,True,True,986x434 = ?
nvidia/nemotron-3.5-lightning:free,3 dígitos,427924.0,427924,427924,True,True,986x434 = ?
poolside/laguna-s-2.1:free,3 dígitos,427924.0,427924,427924,True,True,986x434 = ?
cohere/north-mini-code:free,3 dígitos,427924.0,427924,427924,True,True,986x434 = ?
nvidia/nemotron-3-ultra-550b-a55b:free,3 dígitos,427924.0,427924,427924,True,True,986x434 = ?
nvidia/nemotron-3-nano-omni-30b-a3b-reasoning:free,3 dígitos,427924.0,427924,427924,True,True,986x434 = ?
minimax/minimax-m2.7:free,3 dígitos,427924.0,427924,427924,True,True,986x434 = ?
nvidia/nemotron-3-super-120b-a12b:free,3 dígitos,427924.0,427924,427924,True,True,986x434 = ?
dots-3-note-preview:free,3 dígitos,15351.0,"

15351",15351,True,True,129x119 = ?
nvidia/nemotron-3.5-lightning:free,3 dígitos,15351.0,15351,15351,True,True,129x119 = ?
poolside/laguna-xs-2.1:free,3 dígitos,15351.0,15351,15351,True,True,129x119 = ?
cohere/north-mini-code:free,3 dígitos,15351.0,15351,15351,True,True,129x119 = ?
nvidia/nemotron-3-ultra-550b-a55b:free,3 dígitos,15351.0,15351,15351,True,True,129x119 = ?
nvidia/nemotron-3-nano-omni-30b-a3b-reasoning:free,3 dígitos,15351.0,15351,15351,True,True,129x119 = ?
minimax/minimax-m2.7:free,3 dígitos,15351.0,15351,15351,True,True,129x119 = ?
nvidia/nemotron-3-super-120b-a12b:free,3 dígitos,15351.0,15351,15351,True,True,129x119 = ?
dots-3-note-preview:free,3 dígitos,39693.0,"

39693",39693,True,True,393x101 = ?
nvidia/nemotron-3.5-lightning:free,3 dígitos,39693.0,39693,39693,True,True,393x101 = ?
poolside/laguna-xs-2.1:free,3 dígitos,39693.0,39693,39693,True,True,393x101 = ?
cohere/north-mini-code:free,3 dígitos,39693.0,39693,39693,True,True,393x101 = ?
nvidia/nemotron-3-ultra-550b-a55b:free,3 dígitos,39693.0,39693,39693,True,True,393x101 = ?
nvidia/nemotron-3-nano-omni-30b-a3b-reasoning:free,3 dígitos,39693.0,39693,39693,True,True,393x101 = ?
minimax/minimax-m2.7:free,3 dígitos,39693.0,39693,39693,True,True,393x101 = ?
nvidia/nemotron-3-super-120b-a12b:free,3 dígitos,39693.0,39693,39693,True,True,393x101 = ?
dots-3-note-preview:free,3 dígitos,107413.0,"

107413",107413,True,True,233x461 = ?
nvidia/nemotron-3.5-lightning:free,3 dígitos,107413.0,107413,107413,True,True,233x461 = ?
poolside/laguna-s-2.1:free,3 dígitos,39693.0,39693,39693,True,True,393x101 = ?
poolside/laguna-s-2.1:free,3 dígitos,107413.0,107413,107413,True,True,233x461 = ?
cohere/north-mini-code:free,3 dígitos,107413.0,107413,107413,True,True,233x461 = ?
nvidia/nemotron-3-ultra-550b-a55b:free,3 dígitos,107413.0,107413,107413,True,True,233x461 = ?
nvidia/nemotron-3-nano-omni-30b-a3b-reasoning:free,3 dígitos,107413.0,107413,107413,True,True,233x461 = ?
minimax/minimax-m2.7:free,3 dígitos,107413.0,107413,107413,True,True,233x461 = ?
nvidia/nemotron-3-super-120b-a12b:free,3 dígitos,107413.0,107413,107413,True,True,233x461 = ?
dots-3-note-preview:free,3 dígitos,140275.0,"

140275",140275,True,True,181x775 = ?
nvidia/nemotron-3.5-lightning:free,3 dígitos,140275.0,140275,140275,True,True,181x775 = ?
cohere/north-mini-code:free,3 dígitos,140275.0,140275,140275,True,True,181x775 = ?
nvidia/nemotron-3-ultra-550b-a55b:free,3 dígitos,140275.0,140275,140275,True,True,181x775 = ?
nvidia/nemotron-3-nano-omni-30b-a3b-reasoning:free,3 dígitos,140275.0,140275,140275,True,True,181x775 = ?
nvidia/nemotron-3-super-120b-a12b:free,3 dígitos,140275.0,140275,140275,True,True,181x775 = ?
dots-3-note-preview:free,3 dígitos,86125.0,"

86125",86125,True,True,689x125 = ?
nvidia/nemotron-3.5-lightning:free,3 dígitos,86125.0,86125,86125,True,True,689x125 = ?
poolside/laguna-s-2.1:free,3 dígitos,86125.0,86125,86125,True,True,689x125 = ?
cohere/north-mini-code:free,3 dígitos,86125.0,86125,86125,True,True,689x125 = ?
nvidia/nemotron-3-ultra-550b-a55b:free,3 dígitos,86125.0,86125,86125,True,True,689x125 = ?
nvidia/nemotron-3-nano-omni-30b-a3b-reasoning:free,3 dígitos,86125.0,86125,86125,True,True,689x125 = ?
nvidia/nemotron-3-super-120b-a12b:free,3 dígitos,86125.0,86125,86125,True,True,689x125 = ?
dots-3-note-preview:free,3 dígitos,516861.0,"

516861",516861,True,True,709x729 = ?
nvidia/nemotron-3.5-lightning:free,3 dígitos,516861.0,516861,516861,True,True,709x729 = ?
cohere/north-mini-code:free,3 dígitos,516861.0,516861,516861,True,True,709x729 = ?
nvidia/nemotron-3-ultra-550b-a55b:free,3 dígitos,516861.0,516861,516861,True,True,709x729 = ?
nvidia/nemotron-3-nano-omni-30b-a3b-reasoning:free,3 dígitos,516861.0,516861,516861,True,True,709x729 = ?
nvidia/nemotron-3-super-120b-a12b:free,3 dígitos,516861.0,516861,516861,True,True,709x729 = ?
dots-3-note-preview:free,3 dígitos,319658.0,"

319658",319658,True,True,577x554 = ?
cohere/north-mini-code:free,3 dígitos,319658.0,319658,319658,True,True,577x554 = ?
nvidia/nemotron-3-ultra-550b-a55b:free,3 dígitos,319658.0,319658,319658,True,True,577x554 = ?
nvidia/nemotron-3-nano-omni-30b-a3b-reasoning:free,3 dígitos,319658.0,319658,319658,True,True,577x554 = ?
nvidia/nemotron-3-super-120b-a12b:free,3 dígitos,319658.0,319658,319658,True,True,577x554 = ?
dots-3-note-preview:free,3 dígitos,278046.0,"

278046",278046,True,True,542x513 = ?
minimax/minimax-m2.7:free,3 dígitos,86125.0,86125,86125,True,True,689x125 = ?
minimax/minimax-m2.7:free,3 dígitos,516861.0,"
516861",516861,True,True,709x729 = ?
poolside/laguna-xs-2.1:free,3 dígitos,319658.0,319658,319658,True,True,577x554 = ?
minimax/minimax-m2.7:free,3 dígitos,319658.0,319658,319658,True,True,577x554 = ?
nvidia/nemotron-3.5-lightning:free,3 dígitos,278046.0,278046,278046,True,True,542x513 = ?
cohere/north-mini-code:free,3 dígitos,278046.0,278046,278046,True,True,542x513 = ?
nvidia/nemotron-3-nano-omni-30b-a3b-reasoning:free,3 dígitos,278046.0,278046,278046,True,True,542x513 = ?
minimax/minimax-m2.7:free,3 dígitos,278046.0,278046,278046,True,True,542x513 = ?
nvidia/nemotron-3-super-120b-a12b:free,3 dígitos,278046.0,278046,278046,True,True,542x513 = ?
dots-3-note-preview:free,3 dígitos,349965.0,"

349965",349965,True,True,693x505 = ?
nvidia/nemotron-3.5-lightning:free,3 dígitos,349965.0,349965,349965,True,True,693x505 = ?
cohere/north-mini-code:free,3 dígitos,349965.0,349965,349965,True,True,693x505 = ?
nvidia/nemotron-3-ultra-550b-a55b:free,3 dígitos,349965.0,349965,349965,True,True,693x505 = ?
minimax/minimax-m2.7:free,3 dígitos,349965.0,349965,349965,True,True,693x505 = ?
nvidia/nemotron-3-super-120b-a12b:free,3 dígitos,349965.0,349965,349965,True,True,693x505 = ?
dots-3-note-preview:free,3 dígitos,94184.0,"

94184",94184,True,True,244x386 = ?
nvidia/nemotron-3.5-lightning:free,3 dígitos,94184.0,94184,94184,True,True,244x386 = ?
cohere/north-mini-code:free,3 dígitos,94184.0,94184,94184,True,True,244x386 = ?
nvidia/nemotron-3-ultra-550b-a55b:free,3 dígitos,94184.0,94184,94184,True,True,244x386 = ?
nvidia/nemotron-3-nano-omni-30b-a3b-reasoning:free,3 dígitos,94184.0,94184,94184,True,True,244x386 = ?
minimax/minimax-m2.7:free,3 dígitos,94184.0,94184,94184,True,True,244x386 = ?
nvidia/nemotron-3-super-120b-a12b:free,3 dígitos,94184.0,94184,94184,True,True,244x386 = ?
dots-3-note-preview:free,3 dígitos,303996.0,"

303996",303996,True,True,539x564 = ?
nvidia/nemotron-3.5-lightning:free,3 dígitos,303996.0,303996,303996,True,True,539x564 = ?
cohere/north-mini-code:free,3 dígitos,303996.0,303996,303996,True,True,539x564 = ?
nvidia/nemotron-3-ultra-550b-a55b:free,3 dígitos,303996.0,303996,303996,True,True,539x564 = ?
nvidia/nemotron-3-nano-omni-30b-a3b-reasoning:free,3 dígitos,303996.0,303996,303996,True,True,539x564 = ?
nvidia/nemotron-3-super-120b-a12b:free,3 dígitos,303996.0,303996,303996,True,True,539x564 = ?
dots-3-note-preview:free,3 dígitos,28896.0,"

28896",28896,True,True,258x112 = ?
nvidia/nemotron-3.5-lightning:free,3 dígitos,28896.0,28896,28896,True,True,258x112 = ?
cohere/north-mini-code:free,3 dígitos,28896.0,28896,28896,True,True,258x112 = ?
nvidia/nemotron-3-nano-omni-30b-a3b-reasoning:free,3 dígitos,28896.0,28896,28896,True,True,258x112 = ?
minimax/minimax-m2.7:free,3 dígitos,28896.0,28896,28896,True,True,258x112 = ?
nvidia/nemotron-3-super-120b-a12b:free,3 dígitos,28896.0,28896,28896,True,True,258x112 = ?
dots-3-note-preview:free,3 dígitos,398034.0,"

398034",398034,True,True,702x567 = ?
poolside/laguna-s-2.1:free,3 dígitos,278046.0,278046,278046,True,True,542x513 = ?
poolside/laguna-xs-2.1:free,3 dígitos,278046.0,278046,278046,True,True,542x513 = ?
poolside/laguna-s-2.1:free,3 dígitos,349965.0,349965,349965,True,True,693x505 = ?
poolside/laguna-s-2.1:free,3 dígitos,94184.0,94184,94184,True,True,244x386 = ?
poolside/laguna-s-2.1:free,3 dígitos,303996.0,303996,303996,True,True,539x564 = ?
poolside/laguna-xs-2.1:free,3 dígitos,303996.0,303996,303996,True,True,539x564 = ?
poolside/laguna-s-2.1:free,3 dígitos,28896.0,28896,28896,True,True,258x112 = ?
liquid/lfm-2.5-2.6b:free,3 dígitos,397034.0,397034,398034,False,True,702x567 = ?
nvidia/nemotron-3.5-lightning:free,3 dígitos,398034.0,398034,398034,True,True,702x567 = ?
poolside/laguna-s-2.1:free,3 dígitos,398034.0,398034,398034,True,True,702x567 = ?
cohere/north-mini-code:free,3 dígitos,398034.0,398034,398034,True,True,702x567 = ?
nvidia/nemotron-3-nano-omni-30b-a3b-reasoning:free,3 dígitos,398034.0,398034,398034,True,True,702x567 = ?
nvidia/nemotron-3-super-120b-a12b:free,3 dígitos,398034.0,398034,398034,True,True,702x567 = ?
dots-3-note-preview:free,3 dígitos,96000.0,"

96000",96000,True,True,500x192 = ?
liquid/lfm-2.5-2.6b:free,3 dígitos,96000.0,96000,96000,True,True,500x192 = ?
nvidia/nemotron-3.5-lightning:free,3 dígitos,96000.0,96000,96000,True,True,500x192 = ?
poolside/laguna-s-2.1:free,3 dígitos,96000.0,96000,96000,True,True,500x192 = ?
cohere/north-mini-code:free,3 dígitos,96000.0,96000,96000,True,True,500x192 = ?
nvidia/nemotron-3-nano-omni-30b-a3b-reasoning:free,3 dígitos,96000.0,96000,96000,True,True,500x192 = ?
nvidia/nemotron-3-super-120b-a12b:free,3 dígitos,96000.0,96000,96000,True,True,500x192 = ?
dots-3-note-preview:free,3 dígitos,295100.0,"

295100",295100,True,True,650x454 = ?
liquid/lfm-2.5-2.6b:free,3 dígitos,295100.0,295100,295100,True,True,650x454 = ?
nvidia/nemotron-3.5-lightning:free,3 dígitos,295100.0,295100,295100,True,True,650x454 = ?
poolside/laguna-s-2.1:free,3 dígitos,295100.0,295100,295100,True,True,650x454 = ?
minimax/minimax-m2.7:free,3 dígitos,96000.0,96000,96000,True,True,500x192 = ?
cohere/north-mini-code:free,3 dígitos,295100.0,295100,295100,True,True,650x454 = ?
nvidia/nemotron-3-nano-omni-30b-a3b-reasoning:free,3 dígitos,295100.0,295100,295100,True,True,650x454 = ?
minimax/minimax-m2.7:free,3 dígitos,295100.0,295100,295100,True,True,650x454 = ?
nvidia/nemotron-3-super-120b-a12b:free,3 dígitos,295100.0,295100,295100,True,True,650x454 = ?
dots-3-note-preview:free,3 dígitos,444442.0,"

444442",444442,True,True,619x718 = ?
nvidia/nemotron-3.5-lightning:free,3 dígitos,444442.0,444442,444442,True,True,619x718 = ?
poolside/laguna-s-2.1:free,3 dígitos,444442.0,444442,444442,True,True,619x718 = ?
cohere/north-mini-code:free,3 dígitos,444442.0,444442,444442,True,True,619x718 = ?
nvidia/nemotron-3-ultra-550b-a55b:free,3 dígitos,444442.0,444442,444442,True,True,619x718 = ?
minimax/minimax-m2.7:free,3 dígitos,444442.0,444442,444442,True,True,619x718 = ?
nvidia/nemotron-3-super-120b-a12b:free,3 dígitos,444442.0,444442,444442,True,True,619x718 = ?
dots-3-note-preview:free,3 dígitos,30210.0,"

30210",30210,True,True,265x114 = ?
liquid/lfm-2.5-2.6b:free,3 dígitos,30210.0,30210,30210,True,True,265x114 = ?
nvidia/nemotron-3.5-lightning:free,3 dígitos,30210.0,30210,30210,True,True,265x114 = ?
poolside/laguna-s-2.1:free,3 dígitos,30210.0,30210,30210,True,True,265x114 = ?
poolside/laguna-xs-2.1:free,3 dígitos,28896.0,28896,28896,True,True,258x112 = ?
google/gemma-4-26b-a4b-it:free,3 dígitos,28896.0,28896,28896,True,True,258x112 = ?
poolside/laguna-xs-2.1:free,3 dígitos,96000.0,96000,96000,True,True,500x192 = ?
cohere/north-mini-code:free,3 dígitos,30210.0,30210,30210,True,True,265x114 = ?
nvidia/nemotron-3-nano-omni-30b-a3b-reasoning:free,3 dígitos,30210.0,30210,30210,True,True,265x114 = ?
nvidia/nemotron-3-super-120b-a12b:free,3 dígitos,30210.0,30210,30210,True,True,265x114 = ?
dots-3-note-preview:free,3 dígitos,536500.0,"

536500",536500,True,True,725x740 = ?
liquid/lfm-2.5-2.6b:free,3 dígitos,536500.0,536500,536500,True,True,725x740 = ?
nvidia/nemotron-3.5-lightning:free,3 dígitos,536500.0,536500,536500,True,True,725x740 = ?
cohere/north-mini-code:free,3 dígitos,536500.0,536500,536500,True,True,725x740 = ?
nvidia/nemotron-3-ultra-550b-a55b:free,3 dígitos,536500.0,536500,536500,True,True,725x740 = ?
nvidia/nemotron-3-nano-omni-30b-a3b-reasoning:free,3 dígitos,536500.0,536500,536500,True,True,725x740 = ?
nvidia/nemotron-3-super-120b-a12b:free,3 dígitos,536500.0,536500,536500,True,True,725x740 = ?
dots-3-note-preview:free,3 dígitos,430360.0,"

430360",430360,True,True,580x742 = ?
liquid/lfm-2.5-2.6b:free,3 dígitos,430360.0,430360,430360,True,True,580x742 = ?
nvidia/nemotron-3.5-lightning:free,3 dígitos,430360.0,430360,430360,True,True,580x742 = ?
poolside/laguna-s-2.1:free,3 dígitos,430360.0,430360,430360,True,True,580x742 = ?
cohere/north-mini-code:free,3 dígitos,430360.0,430360,430360,True,True,580x742 = ?
nvidia/nemotron-3-ultra-550b-a55b:free,3 dígitos,430360.0,430360,430360,True,True,580x742 = ?
nvidia/nemotron-3-nano-omni-30b-a3b-reasoning:free,3 dígitos,430360.0,430360,430360,True,True,580x742 = ?
nvidia/nemotron-3-super-120b-a12b:free,3 dígitos,430360.0,430360,430360,True,True,580x742 = ?
poolside/laguna-xs-2.1:free,3 dígitos,30210.0,30210,30210,True,True,265x114 = ?
minimax/minimax-m2.7:free,3 dígitos,30210.0,30210,30210,True,True,265x114 = ?
poolside/laguna-xs-2.1:free,3 dígitos,536500.0,536500,536500,True,True,725x740 = ?
minimax/minimax-m2.7:free,3 dígitos,536500.0,536500,536500,True,True,725x740 = ?
minimax/minimax-m2.7:free,3 dígitos,430360.0,430360,430360,True,True,580x742 = ?
dots-3-note-preview:free,3 dígitos,22194.0,"

22194",22194,True,True,137x162 = ?
liquid/lfm-2.5-2.6b:free,3 dígitos,22194.0,22194,22194,True,True,137x162 = ?
nvidia/nemotron-3.5-lightning:free,3 dígitos,22194.0,22194,22194,True,True,137x162 = ?
poolside/laguna-xs-2.1:free,3 dígitos,22194.0,22194,22194,True,True,137x162 = ?
cohere/north-mini-code:free,3 dígitos,22194.0,22194,22194,True,True,137x162 = ?
nvidia/nemotron-3-ultra-550b-a55b:free,3 dígitos,22194.0,22194,22194,True,True,137x162 = ?
nvidia/nemotron-3-super-120b-a12b:free,3 dígitos,22194.0,22194,22194,True,True,137x162 = ?
dots-3-note-preview:free,3 dígitos,341170.0,"

341170",341170,True,True,545x626 = ?
liquid/lfm-2.5-2.6b:free,3 dígitos,341170.0,341170,341170,True,True,545x626 = ?
nvidia/nemotron-3.5-lightning:free,3 dígitos,341170.0,341170,341170,True,True,545x626 = ?
poolside/laguna-s-2.1:free,3 dígitos,341170.0,341170,341170,True,True,545x626 = ?
cohere/north-mini-code:free,3 dígitos,341170.0,341170,341170,True,True,545x626 = ?
nvidia/nemotron-3-ultra-550b-a55b:free,3 dígitos,341170.0,341170,341170,True,True,545x626 = ?
nvidia/nemotron-3-nano-omni-30b-a3b-reasoning:free,3 dígitos,341170.0,341170,341170,True,True,545x626 = ?
minimax/minimax-m2.7:free,3 dígitos,341170.0,"
341170",341170,True,True,545x626 = ?
nvidia/nemotron-3-super-120b-a12b:free,3 dígitos,341170.0,341170,341170,True,True,545x626 = ?
dots-3-note-preview:free,3 dígitos,159712.0,"

159712",159712,True,True,161x992 = ?
liquid/lfm-2.5-2.6b:free,3 dígitos,159712.0,159712,159712,True,True,161x992 = ?
nvidia/nemotron-3.5-lightning:free,3 dígitos,159712.0,159712,159712,True,True,161x992 = ?
poolside/laguna-s-2.1:free,3 dígitos,161992159712.0,161 × 992 = 159712,159712,False,True,161x992 = ?
cohere/north-mini-code:free,3 dígitos,159712.0,159712,159712,True,True,161x992 = ?
poolside/laguna-xs-2.1:free,3 dígitos,341170.0,341170,341170,True,True,545x626 = ?
nvidia/nemotron-3-ultra-550b-a55b:free,3 dígitos,159712.0,159712,159712,True,True,161x992 = ?
nvidia/nemotron-3-nano-omni-30b-a3b-reasoning:free,3 dígitos,159712.0,159712,159712,True,True,161x992 = ?
nvidia/nemotron-3-super-120b-a12b:free,3 dígitos,159712.0,159712,159712,True,True,161x992 = ?
dots-3-note-preview:free,3 dígitos,83441.0,"

83441",83441,True,True,461x181 = ?
liquid/lfm-2.5-2.6b:free,3 dígitos,83441.0,83441,83441,True,True,461x181 = ?
nvidia/nemotron-3.5-lightning:free,3 dígitos,83441.0,83441,83441,True,True,461x181 = ?
poolside/laguna-xs-2.1:free,3 dígitos,83441.0,83441,83441,True,True,461x181 = ?
cohere/north-mini-code:free,3 dígitos,83441.0,83441,83441,True,True,461x181 = ?
minimax/minimax-m2.7:free,3 dígitos,159712.0,159712,159712,True,True,161x992 = ?
nvidia/nemotron-3-ultra-550b-a55b:free,3 dígitos,83441.0,83441,83441,True,True,461x181 = ?
nvidia/nemotron-3-nano-omni-30b-a3b-reasoning:free,3 dígitos,83441.0,83441,83441,True,True,461x181 = ?
minimax/minimax-m2.7:free,3 dígitos,83441.0,83441,83441,True,True,461x181 = ?
nvidia/nemotron-3-super-120b-a12b:free,3 dígitos,83441.0,83441,83441,True,True,461x181 = ?
dots-3-note-preview:free,3 dígitos,208978.0,"

208978",208978,True,True,649x322 = ?
liquid/lfm-2.5-2.6b:free,3 dígitos,208978.0,208978,208978,True,True,649x322 = ?
nvidia/nemotron-3.5-lightning:free,3 dígitos,208978.0,208978,208978,True,True,649x322 = ?
cohere/north-mini-code:free,3 dígitos,208978.0,208978,208978,True,True,649x322 = ?
nvidia/nemotron-3-ultra-550b-a55b:free,3 dígitos,208978.0,208978,208978,True,True,649x322 = ?
minimax/minimax-m2.7:free,3 dígitos,208978.0,208978,208978,True,True,649x322 = ?
nvidia/nemotron-3-super-120b-a12b:free,3 dígitos,208978.0,208978,208978,True,True,649x322 = ?
dots-3-note-preview:free,3 dígitos,272626.0,"

272626",272626,True,True,503x542 = ?
liquid/lfm-2.5-2.6b:free,3 dígitos,272626.0,272626,272626,True,True,503x542 = ?
nvidia/nemotron-3.5-lightning:free,3 dígitos,272626.0,272626,272626,True,True,503x542 = ?
poolside/laguna-s-2.1:free,3 dígitos,272626.0,272626,272626,True,True,503x542 = ?
cohere/north-mini-code:free,3 dígitos,272626.0,272626,272626,True,True,503x542 = ?
poolside/laguna-xs-2.1:free,3 dígitos,208978.0,208978,208978,True,True,649x322 = ?
nvidia/nemotron-3-ultra-550b-a55b:free,3 dígitos,272626.0,272626,272626,True,True,503x542 = ?
nvidia/nemotron-3-nano-omni-30b-a3b-reasoning:free,3 dígitos,272626.0,272626,272626,True,True,503x542 = ?
minimax/minimax-m2.7:free,3 dígitos,272626.0,272626,272626,True,True,503x542 = ?
nvidia/nemotron-3-super-120b-a12b:free,3 dígitos,272626.0,272626,272626,True,True,503x542 = ?
dots-3-note-preview:free,3 dígitos,102608.0,"

102608",102608,True,True,106x968 = ?
liquid/lfm-2.5-2.6b:free,3 dígitos,102608.0,102608,102608,True,True,106x968 = ?
nvidia/nemotron-3.5-lightning:free,3 dígitos,102608.0,102608,102608,True,True,106x968 = ?
cohere/north-mini-code:free,3 dígitos,102608.0,102608,102608,True,True,106x968 = ?
nvidia/nemotron-3-ultra-550b-a55b:free,3 dígitos,102608.0,102608,102608,True,True,106x968 = ?
minimax/minimax-m2.7:free,3 dígitos,102608.0,"
102608",102608,True,True,106x968 = ?
nvidia/nemotron-3-super-120b-a12b:free,3 dígitos,102608.0,102608,102608,True,True,106x968 = ?
dots-3-note-preview:free,3 dígitos,645435.0,"

645435",645435,True,True,683x945 = ?
nvidia/nemotron-3.5-lightning:free,3 dígitos,645435.0,645435,645435,True,True,683x945 = ?
cohere/north-mini-code:free,3 dígitos,645435.0,645435,645435,True,True,683x945 = ?
nvidia/nemotron-3-ultra-550b-a55b:free,3 dígitos,645435.0,645435,645435,True,True,683x945 = ?
nvidia/nemotron-3-nano-omni-30b-a3b-reasoning:free,3 dígitos,645435.0,645435,645435,True,True,683x945 = ?
minimax/minimax-m2.7:free,3 dígitos,645435.0,"
645435",645435,True,True,683x945 = ?
nvidia/nemotron-3-super-120b-a12b:free,3 dígitos,645435.0,645435,645435,True,True,683x945 = ?
dots-3-note-preview:free,3 dígitos,322586.0,"

322586",322586,True,True,341x946 = ?
nvidia/nemotron-3.5-lightning:free,3 dígitos,322586.0,322586,322586,True,True,341x946 = ?
cohere/north-mini-code:free,3 dígitos,322586.0,322586,322586,True,True,341x946 = ?
nvidia/nemotron-3-ultra-550b-a55b:free,3 dígitos,322586.0,322586,322586,True,True,341x946 = ?
nvidia/nemotron-3-nano-omni-30b-a3b-reasoning:free,3 dígitos,322586.0,322586,322586,True,True,341x946 = ?
minimax/minimax-m2.7:free,3 dígitos,322586.0,322586,322586,True,True,341x946 = ?
nvidia/nemotron-3-super-120b-a12b:free,3 dígitos,322586.0,322586,322586,True,True,341x946 = ?
poolside/laguna-s-2.1:free,3 dígitos,106968102608.0,106 × 968 = 102608,102608,False,True,106x968 = ?
dots-3-note-preview:free,3 dígitos,214812.0,"

214812",214812,True,True,324x663 = ?
liquid/lfm-2.5-2.6b:free,3 dígitos,214812.0,214812,214812,True,True,324x663 = ?
nvidia/nemotron-3.5-lightning:free,3 dígitos,214812.0,214812,214812,True,True,324x663 = ?
poolside/laguna-s-2.1:free,3 dígitos,214812.0,214812,214812,True,True,324x663 = ?
cohere/north-mini-code:free,3 dígitos,214812.0,214812,214812,True,True,324x663 = ?
nvidia/nemotron-3-ultra-550b-a55b:free,3 dígitos,214812.0,214812,214812,True,True,324x663 = ?
nvidia/nemotron-3-nano-omni-30b-a3b-reasoning:free,3 dígitos,214812.0,214812,214812,True,True,324x663 = ?
minimax/minimax-m2.7:free,3 dígitos,214812.0,214812,214812,True,True,324x663 = ?
nvidia/nemotron-3-super-120b-a12b:free,3 dígitos,214812.0,214812,214812,True,True,324x663 = ?
dots-3-note-preview:free,3 dígitos,346435.0,"

346435",346435,True,True,965x359 = ?
liquid/lfm-2.5-2.6b:free,3 dígitos,346435.0,346435,346435,True,True,965x359 = ?
nvidia/nemotron-3.5-lightning:free,3 dígitos,346435.0,346435,346435,True,True,965x359 = ?
cohere/north-mini-code:free,3 dígitos,346435.0,346435,346435,True,True,965x359 = ?
nvidia/nemotron-3-ultra-550b-a55b:free,3 dígitos,346435.0,346435,346435,True,True,965x359 = ?
nvidia/nemotron-3-nano-omni-30b-a3b-reasoning:free,3 dígitos,346435.0,346435,346435,True,True,965x359 = ?
minimax/minimax-m2.7:free,3 dígitos,346435.0,346435,346435,True,True,965x359 = ?
nvidia/nemotron-3-super-120b-a12b:free,3 dígitos,346435.0,346435,346435,True,True,965x359 = ?
dots-3-note-preview:free,3 dígitos,46512.0,"

46512",46512,True,True,228x204 = ?
liquid/lfm-2.5-2.6b:free,3 dígitos,46512.0,46512,46512,True,True,228x204 = ?
nvidia/nemotron-3.5-lightning:free,3 dígitos,46512.0,46512,46512,True,True,228x204 = ?
cohere/north-mini-code:free,3 dígitos,46512.0,46512,46512,True,True,228x204 = ?
nvidia/nemotron-3-nano-omni-30b-a3b-reasoning:free,3 dígitos,46512.0,46512,46512,True,True,228x204 = ?
minimax/minimax-m2.7:free,3 dígitos,46512.0,46512,46512,True,True,228x204 = ?
nvidia/nemotron-3-super-120b-a12b:free,3 dígitos,46512.0,46512,46512,True,True,228x204 = ?
poolside/laguna-xs-2.1:free,3 dígitos,346435.0,346435,346435,True,True,965x359 = ?
dots-3-note-preview:free,3 dígitos,166788.0,"

166788",166788,True,True,738x226 = ?
liquid/lfm-2.5-2.6b:free,3 dígitos,166788.0,166788,166788,True,True,738x226 = ?
nvidia/nemotron-3.5-lightning:free,3 dígitos,166788.0,166788,166788,True,True,738x226 = ?
poolside/laguna-s-2.1:free,3 dígitos,738226166788.0,738 × 226 = 166788,166788,False,True,738x226 = ?
cohere/north-mini-code:free,3 dígitos,166788.0,166788,166788,True,True,738x226 = ?
nvidia/nemotron-3-nano-omni-30b-a3b-reasoning:free,3 dígitos,166788.0,166788,166788,True,True,738x226 = ?
minimax/minimax-m2.7:free,3 dígitos,166788.0,166788,166788,True,True,738x226 = ?
nvidia/nemotron-3-super-120b-a12b:free,3 dígitos,166788.0,166788,166788,True,True,738x226 = ?
dots-3-note-preview:free,3 dígitos,305698.0,"

305698",305698,True,True,433x706 = ?
liquid/lfm-2.5-2.6b:free,3 dígitos,305708.0,305708,305698,False,True,433x706 = ?
nvidia/nemotron-3.5-lightning:free,3 dígitos,305698.0,305698,305698,True,True,433x706 = ?
cohere/north-mini-code:free,3 dígitos,305698.0,305698,305698,True,True,433x706 = ?
nvidia/nemotron-3-ultra-550b-a55b:free,3 dígitos,305698.0,305698,305698,True,True,433x706 = ?
nvidia/nemotron-3-nano-omni-30b-a3b-reasoning:free,3 dígitos,305698.0,305698,305698,True,True,433x706 = ?
minimax/minimax-m2.7:free,3 dígitos,305698.0,305698,305698,True,True,433x706 = ?
nvidia/nemotron-3-super-120b-a12b:free,3 dígitos,305698.0,305698,305698,True,True,433x706 = ?
dots-3-note-preview:free,3 dígitos,192125.0,"

192125",192125,True,True,265x725 = ?
liquid/lfm-2.5-2.6b:free,3 dígitos,192125.0,192125,192125,True,True,265x725 = ?
nvidia/nemotron-3.5-lightning:free,3 dígitos,192125.0,192125,192125,True,True,265x725 = ?
cohere/north-mini-code:free,3 dígitos,192125.0,192125,192125,True,True,265x725 = ?
nvidia/nemotron-3-nano-omni-30b-a3b-reasoning:free,3 dígitos,192125.0,192125,192125,True,True,265x725 = ?
minimax/minimax-m2.7:free,3 dígitos,192125.0,192125,192125,True,True,265x725 = ?
nvidia/nemotron-3-super-120b-a12b:free,3 dígitos,192125.0,192125,192125,True,True,265x725 = ?
dots-3-note-preview:free,3 dígitos,631464.0,"

631464",631464,True,True,664x951 = ?
poolside/laguna-s-2.1:free,3 dígitos,305698.0,305698,305698,True,True,433x706 = ?
poolside/laguna-xs-2.1:free,3 dígitos,305698.0,305698,305698,True,True,433x706 = ?
google/gemma-4-31b-it:free,3 dígitos,305698.0,305698,305698,True,True,433x706 = ?
google/gemma-4-31b-it:free,3 dígitos,192125.0,192125,192125,True,True,265x725 = ?
liquid/lfm-2.5-2.6b:free,3 dígitos,631464.0,631464,631464,True,True,664x951 = ?
nvidia/nemotron-3.5-lightning:free,3 dígitos,631464.0,631464,631464,True,True,664x951 = ?
cohere/north-mini-code:free,3 dígitos,631464.0,631464,631464,True,True,664x951 = ?
nvidia/nemotron-3-nano-omni-30b-a3b-reasoning:free,3 dígitos,631464.0,631464,631464,True,True,664x951 = ?
minimax/minimax-m2.7:free,3 dígitos,631464.0,631464,631464,True,True,664x951 = ?
nvidia/nemotron-3-super-120b-a12b:free,3 dígitos,631464.0,631464,631464,True,True,664x951 = ?
dots-3-note-preview:free,3 dígitos,515910.0,"

515910",515910,True,True,870x593 = ?
liquid/lfm-2.5-2.6b:free,3 dígitos,516910.0,516910,515910,False,True,870x593 = ?
nvidia/nemotron-3.5-lightning:free,3 dígitos,515910.0,515910,515910,True,True,870x593 = ?
cohere/north-mini-code:free,3 dígitos,515910.0,515910,515910,True,True,870x593 = ?
nvidia/nemotron-3-ultra-550b-a55b:free,3 dígitos,515910.0,515910,515910,True,True,870x593 = ?
nvidia/nemotron-3-nano-omni-30b-a3b-reasoning:free,3 dígitos,515910.0,515910,515910,True,True,870x593 = ?
minimax/minimax-m2.7:free,3 dígitos,515910.0,515910,515910,True,True,870x593 = ?
nvidia/nemotron-3-super-120b-a12b:free,3 dígitos,515910.0,515910,515910,True,True,870x593 = ?
dots-3-note-preview:free,3 dígitos,202824.0,"

202824",202824,True,True,324x626 = ?
liquid/lfm-2.5-2.6b:free,3 dígitos,202824.0,202824,202824,True,True,324x626 = ?
nvidia/nemotron-3.5-lightning:free,3 dígitos,202824.0,202824,202824,True,True,324x626 = ?
cohere/north-mini-code:free,3 dígitos,202824.0,202824,202824,True,True,324x626 = ?
nvidia/nemotron-3-nano-omni-30b-a3b-reasoning:free,3 dígitos,202824.0,202824,202824,True,True,324x626 = ?
minimax/minimax-m2.7:free,3 dígitos,202824.0,202824,202824,True,True,324x626 = ?
nvidia/nemotron-3-super-120b-a12b:free,3 dígitos,202824.0,202824,202824,True,True,324x626 = ?
dots-3-note-preview:free,3 dígitos,588826.0,"

588826",588826,True,True,614x959 = ?
liquid/lfm-2.5-2.6b:free,3 dígitos,588826.0,588826,588826,True,True,614x959 = ?
nvidia/nemotron-3.5-lightning:free,3 dígitos,588826.0,588826,588826,True,True,614x959 = ?
cohere/north-mini-code:free,3 dígitos,588826.0,588826,588826,True,True,614x959 = ?
minimax/minimax-m2.7:free,3 dígitos,588826.0,588826,588826,True,True,614x959 = ?
nvidia/nemotron-3-super-120b-a12b:free,3 dígitos,588826.0,588826,588826,True,True,614x959 = ?
dots-3-note-preview:free,3 dígitos,157508.0,"

157508",157508,True,True,466x338 = ?
liquid/lfm-2.5-2.6b:free,3 dígitos,157508.0,157508,157508,True,True,466x338 = ?
nvidia/nemotron-3.5-lightning:free,3 dígitos,157508.0,157508,157508,True,True,466x338 = ?
cohere/north-mini-code:free,3 dígitos,157508.0,157508,157508,True,True,466x338 = ?
nvidia/nemotron-3-nano-omni-30b-a3b-reasoning:free,3 dígitos,157508.0,157508,157508,True,True,466x338 = ?
minimax/minimax-m2.7:free,3 dígitos,157508.0,157508,157508,True,True,466x338 = ?
nvidia/nemotron-3-super-120b-a12b:free,3 dígitos,157508.0,157508,157508,True,True,466x338 = ?
dots-3-note-preview:free,3 dígitos,368244.0,"

368244",368244,True,True,772x477 = ?
liquid/lfm-2.5-2.6b:free,3 dígitos,368244.0,368244,368244,True,True,772x477 = ?
nvidia/nemotron-3.5-lightning:free,3 dígitos,368244.0,368244,368244,True,True,772x477 = ?
cohere/north-mini-code:free,3 dígitos,368244.0,368244,368244,True,True,772x477 = ?
nvidia/nemotron-3-nano-omni-30b-a3b-reasoning:free,3 dígitos,368244.0,368244,368244,True,True,772x477 = ?
poolside/laguna-s-2.1:free,3 dígitos,515910.0,515910,515910,True,True,870x593 = ?
poolside/laguna-xs-2.1:free,3 dígitos,588826.0,588826,588826,True,True,614x959 = ?
minimax/minimax-m2.7:free,3 dígitos,368244.0,368244,368244,True,True,772x477 = ?
nvidia/nemotron-3-super-120b-a12b:free,3 dígitos,368244.0,368244,368244,True,True,772x477 = ?
dots-3-note-preview:free,3 dígitos,199432.0,"

199432",199432,True,True,388x514 = ?
liquid/lfm-2.5-2.6b:free,3 dígitos,199432.0,199432,199432,True,True,388x514 = ?
nvidia/nemotron-3.5-lightning:free,3 dígitos,199432.0,199432,199432,True,True,388x514 = ?
cohere/north-mini-code:free,3 dígitos,199432.0,199432,199432,True,True,388x514 = ?
nvidia/nemotron-3-ultra-550b-a55b:free,3 dígitos,199432.0,199432,199432,True,True,388x514 = ?
nvidia/nemotron-3-nano-omni-30b-a3b-reasoning:free,3 dígitos,199432.0,199432,199432,True,True,388x514 = ?
minimax/minimax-m2.7:free,3 dígitos,199432.0,199432,199432,True,True,388x514 = ?
nvidia/nemotron-3-super-120b-a12b:free,3 dígitos,199432.0,199432,199432,True,True,388x514 = ?
dots-3-note-preview:free,3 dígitos,727285.0,"

727285",727285,True,True,871x835 = ?
nvidia/nemotron-3.5-lightning:free,3 dígitos,727285.0,727285,727285,True,True,871x835 = ?
cohere/north-mini-code:free,3 dígitos,727285.0,727285,727285,True,True,871x835 = ?
nvidia/nemotron-3-ultra-550b-a55b:free,3 dígitos,727285.0,727285,727285,True,True,871x835 = ?
nvidia/nemotron-3-nano-omni-30b-a3b-reasoning:free,3 dígitos,727285.0,727285,727285,True,True,871x835 = ?
minimax/minimax-m2.7:free,3 dígitos,727285.0,727285,727285,True,True,871x835 = ?
nvidia/nemotron-3-super-120b-a12b:free,3 dígitos,727285.0,727285,727285,True,True,871x835 = ?
dots-3-note-preview:free,3 dígitos,106227.0,"

106227",106227,True,True,333x319 = ?
liquid/lfm-2.5-2.6b:free,3 dígitos,106227.0,106227,106227,True,True,333x319 = ?
poolside/laguna-s-2.1:free,3 dígitos,368244.0,368244,368244,True,True,772x477 = ?
poolside/laguna-xs-2.1:free,3 dígitos,368244.0,368244,368244,True,True,772x477 = ?
poolside/laguna-xs-2.1:free,3 dígitos,199432.0,199432,199432,True,True,388x514 = ?
nvidia/nemotron-3.5-lightning:free,3 dígitos,106227.0,106227,106227,True,True,333x319 = ?
poolside/laguna-s-2.1:free,3 dígitos,106227.0,106227,106227,True,True,333x319 = ?
poolside/laguna-xs-2.1:free,3 dígitos,106227.0,106227,106227,True,True,333x319 = ?
cohere/north-mini-code:free,3 dígitos,106227.0,106227,106227,True,True,333x319 = ?
nvidia/nemotron-3-ultra-550b-a55b:free,3 dígitos,106227.0,106227,106227,True,True,333x319 = ?
nvidia/nemotron-3-nano-omni-30b-a3b-reasoning:free,3 dígitos,106227.0,106227,106227,True,True,333x319 = ?
minimax/minimax-m2.7:free,3 dígitos,106227.0,106227,106227,True,True,333x319 = ?
nvidia/nemotron-3-super-120b-a12b:free,3 dígitos,106227.0,106227,106227,True,True,333x319 = ?
dots-3-note-preview:free,3 dígitos,328609.0,"

328609",328609,True,True,347x947 = ?
liquid/lfm-2.5-2.6b:free,3 dígitos,328609.0,328609,328609,True,True,347x947 = ?
nvidia/nemotron-3.5-lightning:free,3 dígitos,328609.0,328609,328609,True,True,347x947 = ?
cohere/north-mini-code:free,3 dígitos,328609.0,328609,328609,True,True,347x947 = ?
nvidia/nemotron-3-ultra-550b-a55b:free,3 dígitos,328609.0,328609,328609,True,True,347x947 = ?
nvidia/nemotron-3-nano-omni-30b-a3b-reasoning:free,3 dígitos,328609.0,328609,328609,True,True,347x947 = ?
minimax/minimax-m2.7:free,3 dígitos,328609.0,328609,328609,True,True,347x947 = ?
nvidia/nemotron-3-super-120b-a12b:free,3 dígitos,328609.0,328609,328609,True,True,347x947 = ?
dots-3-note-preview:free,3 dígitos,201880.0,"

201880",201880,True,True,980x206 = ?
liquid/lfm-2.5-2.6b:free,3 dígitos,201880.0,201880,201880,True,True,980x206 = ?
nvidia/nemotron-3.5-lightning:free,3 dígitos,201880.0,201880,201880,True,True,980x206 = ?
cohere/north-mini-code:free,3 dígitos,201880.0,201880,201880,True,True,980x206 = ?
nvidia/nemotron-3-ultra-550b-a55b:free,3 dígitos,201880.0,201880,201880,True,True,980x206 = ?
nvidia/nemotron-3-nano-omni-30b-a3b-reasoning:free,3 dígitos,201880.0,201880,201880,True,True,980x206 = ?
minimax/minimax-m2.7:free,3 dígitos,201880.0,201880,201880,True,True,980x206 = ?
nvidia/nemotron-3-super-120b-a12b:free,3 dígitos,201880.0,201880,201880,True,True,980x206 = ?
dots-3-note-preview:free,4 dígitos,8703045.0,"

8703045",8703045,True,True,2755x3159 = ?
liquid/lfm-2.5-2.6b:free,4 dígitos,8703045.0,8703045,8703045,True,True,2755x3159 = ?
nvidia/nemotron-3.5-lightning:free,4 dígitos,8703045.0,8703045,8703045,True,True,2755x3159 = ?
cohere/north-mini-code:free,4 dígitos,8703045.0,8703045,8703045,True,True,2755x3159 = ?
nvidia/nemotron-3-ultra-550b-a55b:free,4 dígitos,8703045.0,8703045,8703045,True,True,2755x3159 = ?
nvidia/nemotron-3-nano-omni-30b-a3b-reasoning:free,4 dígitos,8703045.0,8703045,8703045,True,True,2755x3159 = ?
minimax/minimax-m2.7:free,4 dígitos,8703045.0,8703045,8703045,True,True,2755x3159 = ?
nvidia/nemotron-3-super-120b-a12b:free,4 dígitos,8703045.0,8703045,8703045,True,True,2755x3159 = ?
dots-3-note-preview:free,4 dígitos,9581079.0,"

9581079",9581079,True,True,2557x3747 = ?
nvidia/nemotron-3.5-lightning:free,4 dígitos,9581079.0,9581079,9581079,True,True,2557x3747 = ?
cohere/north-mini-code:free,4 dígitos,9581079.0,9581079,9581079,True,True,2557x3747 = ?
nvidia/nemotron-3-ultra-550b-a55b:free,4 dígitos,9581079.0,9581079,9581079,True,True,2557x3747 = ?
nvidia/nemotron-3-nano-omni-30b-a3b-reasoning:free,4 dígitos,9581079.0,9581079,9581079,True,True,2557x3747 = ?
nvidia/nemotron-3-super-120b-a12b:free,4 dígitos,9581079.0,9581079,9581079,True,True,2557x3747 = ?
dots-3-note-preview:free,4 dígitos,41033538.0,"

41033538",41033538,True,True,7943x5166 = ?
nvidia/nemotron-3.5-lightning:free,4 dígitos,41033538.0,41033538,41033538,True,True,7943x5166 = ?
poolside/laguna-xs-2.1:free,3 dígitos,201880.0,201880,201880,True,True,980x206 = ?
poolside/laguna-s-2.1:free,4 dígitos,8703045.0,8703045,8703045,True,True,2755x3159 = ?
cohere/north-mini-code:free,4 dígitos,41033538.0,41033538,41033538,True,True,7943x5166 = ?
nvidia/nemotron-3-super-120b-a12b:free,4 dígitos,41033538.0,41033538,41033538,True,True,7943x5166 = ?
dots-3-note-preview:free,4 dígitos,32950313.0,"

32950313",32950313,True,True,7733x4261 = ?
liquid/lfm-2.5-2.6b:free,4 dígitos,32950313.0,32950313,32950313,True,True,7733x4261 = ?
nvidia/nemotron-3.5-lightning:free,4 dígitos,32950313.0,32950313,32950313,True,True,7733x4261 = ?
cohere/north-mini-code:free,4 dígitos,32950313.0,32950313,32950313,True,True,7733x4261 = ?
nvidia/nemotron-3-ultra-550b-a55b:free,4 dígitos,32949313.0,32949313,32950313,False,True,7733x4261 = ?
nvidia/nemotron-3-nano-omni-30b-a3b-reasoning:free,4 dígitos,32950313.0,32950313,32950313,True,True,7733x4261 = ?
nvidia/nemotron-3-super-120b-a12b:free,4 dígitos,32950313.0,32950313,32950313,True,True,7733x4261 = ?
dots-3-note-preview:free,4 dígitos,44804096.0,"

44804096",44804096,True,True,5344x8384 = ?
liquid/lfm-2.5-2.6b:free,4 dígitos,44804096.0,44804096,44804096,True,True,5344x8384 = ?
nvidia/nemotron-3.5-lightning:free,4 dígitos,44804096.0,44804096,44804096,True,True,5344x8384 = ?
cohere/north-mini-code:free,4 dígitos,44804096.0,44804096,44804096,True,True,5344x8384 = ?
nvidia/nemotron-3-ultra-550b-a55b:free,4 dígitos,44805376.0,44805376,44804096,False,True,5344x8384 = ?
nvidia/nemotron-3-nano-omni-30b-a3b-reasoning:free,4 dígitos,44804096.0,44804096,44804096,True,True,5344x8384 = ?
nvidia/nemotron-3-super-120b-a12b:free,4 dígitos,44804096.0,44804096,44804096,True,True,5344x8384 = ?
dots-3-note-preview:free,4 dígitos,4363720.0,"

4363720",4363720,True,True,4295x1016 = ?
liquid/lfm-2.5-2.6b:free,4 dígitos,4363720.0,4363720,4363720,True,True,4295x1016 = ?
minimax/minimax-m2.7:free,4 dígitos,41033538.0,41033538,41033538,True,True,7943x5166 = ?
poolside/laguna-s-2.1:free,4 dígitos,32950313.0,32950313,32950313,True,True,7733x4261 = ?
minimax/minimax-m2.7:free,4 dígitos,32950313.0,32950313,32950313,True,True,7733x4261 = ?
poolside/laguna-s-2.1:free,4 dígitos,44804096.0,44804096,44804096,True,True,5344x8384 = ?
poolside/laguna-xs-2.1:free,4 dígitos,44804096.0,44804096,44804096,True,True,5344x8384 = ?
minimax/minimax-m2.7:free,4 dígitos,44804096.0,44804096,44804096,True,True,5344x8384 = ?
nvidia/nemotron-3.5-lightning:free,4 dígitos,4363720.0,4363720,4363720,True,True,4295x1016 = ?
cohere/north-mini-code:free,4 dígitos,4363720.0,4363720,4363720,True,True,4295x1016 = ?
nvidia/nemotron-3-ultra-550b-a55b:free,4 dígitos,4363720.0,4363720,4363720,True,True,4295x1016 = ?
minimax/minimax-m2.7:free,4 dígitos,4363720.0,4363720,4363720,True,True,4295x1016 = ?
nvidia/nemotron-3-super-120b-a12b:free,4 dígitos,4363720.0,4363720,4363720,True,True,4295x1016 = ?
dots-3-note-preview:free,4 dígitos,26013330.0,"

26013330",26013330,True,True,6594x3945 = ?
nvidia/nemotron-3.5-lightning:free,4 dígitos,26013330.0,26013330,26013330,True,True,6594x3945 = ?
cohere/north-mini-code:free,4 dígitos,26013330.0,26013330,26013330,True,True,6594x3945 = ?
nvidia/nemotron-3-ultra-550b-a55b:free,4 dígitos,26013330.0,26013330,26013330,True,True,6594x3945 = ?
minimax/minimax-m2.7:free,4 dígitos,26013330.0,26013330,26013330,True,True,6594x3945 = ?
nvidia/nemotron-3-super-120b-a12b:free,4 dígitos,26013330.0,26013330,26013330,True,True,6594x3945 = ?
dots-3-note-preview:free,4 dígitos,20897955.0,"

20897955",20897955,True,True,6255x3341 = ?
nvidia/nemotron-3.5-lightning:free,4 dígitos,20897955.0,20897955,20897955,True,True,6255x3341 = ?
cohere/north-mini-code:free,4 dígitos,20897955.0,20897955,20897955,True,True,6255x3341 = ?
nvidia/nemotron-3-ultra-550b-a55b:free,4 dígitos,20897955.0,20897955,20897955,True,True,6255x3341 = ?
poolside/laguna-xs-2.1:free,4 dígitos,4363720.0,4363720,4363720,True,True,4295x1016 = ?
z-ai/glm-5.2:free,4 dígitos,4363720.0,4363720,4363720,True,True,4295x1016 = ?
poolside/laguna-xs-2.1:free,4 dígitos,20897955.0,20897955,20897955,True,True,6255x3341 = ?
nvidia/nemotron-3-nano-omni-30b-a3b-reasoning:free,4 dígitos,20897955.0,20897955,20897955,True,True,6255x3341 = ?
google/gemma-4-31b-it:free,4 dígitos,20901555.0,20901555,20897955,False,True,6255x3341 = ?
minimax/minimax-m2.7:free,4 dígitos,20897955.0,20897955,20897955,True,True,6255x3341 = ?
nvidia/nemotron-3-super-120b-a12b:free,4 dígitos,20897955.0,20897955,20897955,True,True,6255x3341 = ?
dots-3-note-preview:free,4 dígitos,28917864.0,"

28917864",28917864,True,True,4839x5976 = ?
liquid/lfm-2.5-2.6b:free,4 dígitos,28916864.0,28916864,28917864,False,True,4839x5976 = ?
cohere/north-mini-code:free,4 dígitos,28917864.0,28917864,28917864,True,True,4839x5976 = ?
nvidia/nemotron-3-ultra-550b-a55b:free,4 dígitos,28917864.0,28917864,28917864,True,True,4839x5976 = ?
nvidia/nemotron-3-nano-omni-30b-a3b-reasoning:free,4 dígitos,28917864.0,28917864,28917864,True,True,4839x5976 = ?
minimax/minimax-m2.7:free,4 dígitos,28917864.0,28917864,28917864,True,True,4839x5976 = ?
nvidia/nemotron-3-super-120b-a12b:free,4 dígitos,28917864.0,28917864,28917864,True,True,4839x5976 = ?
dots-3-note-preview:free,4 dígitos,10609428.0,"

10609428",10609428,True,True,1191x8908 = ?
liquid/lfm-2.5-2.6b:free,4 dígitos,10619428.0,10619428,10609428,False,True,1191x8908 = ?
nvidia/nemotron-3.5-lightning:free,4 dígitos,10609428.0,10609428,10609428,True,True,1191x8908 = ?
cohere/north-mini-code:free,4 dígitos,10609428.0,10609428,10609428,True,True,1191x8908 = ?
nvidia/nemotron-3-ultra-550b-a55b:free,4 dígitos,10609428.0,10609428,10609428,True,True,1191x8908 = ?
nvidia/nemotron-3-nano-omni-30b-a3b-reasoning:free,4 dígitos,10609428.0,10609428,10609428,True,True,1191x8908 = ?
nvidia/nemotron-3-super-120b-a12b:free,4 dígitos,10609428.0,10609428,10609428,True,True,1191x8908 = ?
dots-3-note-preview:free,4 dígitos,18894690.0,"

18894690",18894690,True,True,8454x2235 = ?
nvidia/nemotron-3.5-lightning:free,4 dígitos,18894690.0,18894690,18894690,True,True,8454x2235 = ?
cohere/north-mini-code:free,4 dígitos,18894690.0,18894690,18894690,True,True,8454x2235 = ?
nvidia/nemotron-3-ultra-550b-a55b:free,4 dígitos,18894690.0,18894690,18894690,True,True,8454x2235 = ?
nvidia/nemotron-3-nano-omni-30b-a3b-reasoning:free,4 dígitos,18894690.0,18894690,18894690,True,True,8454x2235 = ?
poolside/laguna-s-2.1:free,4 dígitos,28917864.0,28917864,28917864,True,True,4839x5976 = ?
poolside/laguna-xs-2.1:free,4 dígitos,28917864.0,28917864,28917864,True,True,4839x5976 = ?
google/gemma-4-26b-a4b-it:free,4 dígitos,28916184.0,28916184,28917864,False,True,4839x5976 = ?
google/gemma-4-31b-it:free,4 dígitos,28913064.0,28913064,28917864,False,True,4839x5976 = ?
poolside/laguna-s-2.1:free,4 dígitos,10609428.0,10609428,10609428,True,True,1191x8908 = ?
google/gemma-4-26b-a4b-it:free,4 dígitos,10611428.0,10611428,10609428,False,True,1191x8908 = ?
poolside/laguna-s-2.1:free,4 dígitos,18894690.0,18894690,18894690,True,True,8454x2235 = ?
google/gemma-4-26b-a4b-it:free,4 dígitos,18897150.0,18897150,18894690,False,True,8454x2235 = ?
nvidia/nemotron-3-super-120b-a12b:free,4 dígitos,18894690.0,18894690,18894690,True,True,8454x2235 = ?
dots-3-note-preview:free,4 dígitos,3835398.0,"

3835398",3835398,True,True,1113x3446 = ?
liquid/lfm-2.5-2.6b:free,4 dígitos,3831788.0,3831788,3835398,False,True,1113x3446 = ?
nvidia/nemotron-3.5-lightning:free,4 dígitos,3835398.0,3835398,3835398,True,True,1113x3446 = ?
poolside/laguna-s-2.1:free,4 dígitos,3835398.0,3835398,3835398,True,True,1113x3446 = ?
minimax/minimax-m2.7:free,4 dígitos,18894690.0,18894690,18894690,True,True,8454x2235 = ?
cohere/north-mini-code:free,4 dígitos,3835398.0,3835398,3835398,True,True,1113x3446 = ?
nvidia/nemotron-3-ultra-550b-a55b:free,4 dígitos,3835398.0,3835398,3835398,True,True,1113x3446 = ?
nvidia/nemotron-3-nano-omni-30b-a3b-reasoning:free,4 dígitos,3835398.0,3835398,3835398,True,True,1113x3446 = ?
minimax/minimax-m2.7:free,4 dígitos,3835398.0,3835398,3835398,True,True,1113x3446 = ?
dots-3-note-preview:free,4 dígitos,74670336.0,"

74670336",74670336,True,True,8864x8424 = ?
nvidia/nemotron-3.5-lightning:free,4 dígitos,74670336.0,74670336,74670336,True,True,8864x8424 = ?
cohere/north-mini-code:free,4 dígitos,74670336.0,74670336,74670336,True,True,8864x8424 = ?
nvidia/nemotron-3-ultra-550b-a55b:free,4 dígitos,74668336.0,74668336,74670336,False,True,8864x8424 = ?
nvidia/nemotron-3-nano-omni-30b-a3b-reasoning:free,4 dígitos,74670336.0,74670336,74670336,True,True,8864x8424 = ?
minimax/minimax-m2.7:free,4 dígitos,74670336.0,74670336,74670336,True,True,8864x8424 = ?
nvidia/nemotron-3-super-120b-a12b:free,4 dígitos,74670336.0,74670336,74670336,True,True,8864x8424 = ?
dots-3-note-preview:free,4 dígitos,33643625.0,"

33643625",33643625,True,True,9281x3625 = ?
liquid/lfm-2.5-2.6b:free,4 dígitos,33643625.0,33643625,33643625,True,True,9281x3625 = ?
nvidia/nemotron-3.5-lightning:free,4 dígitos,33643625.0,33643625,33643625,True,True,9281x3625 = ?
poolside/laguna-xs-2.1:free,4 dígitos,33643625.0,33643625,33643625,True,True,9281x3625 = ?
cohere/north-mini-code:free,4 dígitos,33643625.0,33643625,33643625,True,True,9281x3625 = ?
nvidia/nemotron-3-ultra-550b-a55b:free,4 dígitos,33642625.0,33642625,33643625,False,True,9281x3625 = ?
nvidia/nemotron-3-nano-omni-30b-a3b-reasoning:free,4 dígitos,33643625.0,33643625,33643625,True,True,9281x3625 = ?
minimax/minimax-m2.7:free,4 dígitos,33643625.0,33643625,33643625,True,True,9281x3625 = ?
nvidia/nemotron-3-super-120b-a12b:free,4 dígitos,33643625.0,33643625,33643625,True,True,9281x3625 = ?
dots-3-note-preview:free,4 dígitos,32164116.0,"

32164116",32164116,True,True,6397x5028 = ?
liquid/lfm-2.5-2.6b:free,4 dígitos,32164116.0,32164116,32164116,True,True,6397x5028 = ?
nvidia/nemotron-3.5-lightning:free,4 dígitos,32164116.0,32164116,32164116,True,True,6397x5028 = ?
poolside/laguna-xs-2.1:free,4 dígitos,32164116.0,32164116,32164116,True,True,6397x5028 = ?
cohere/north-mini-code:free,4 dígitos,32164116.0,32164116,32164116,True,True,6397x5028 = ?
google/gemma-4-26b-a4b-it:free,4 dígitos,33656125.0,33656125,33643625,False,True,9281x3625 = ?
poolside/laguna-s-2.1:free,4 dígitos,32164116.0,32164116,32164116,True,True,6397x5028 = ?
nvidia/nemotron-3-nano-omni-30b-a3b-reasoning:free,4 dígitos,32164116.0,32164116,32164116,True,True,6397x5028 = ?
minimax/minimax-m2.7:free,4 dígitos,32164116.0,32164116,32164116,True,True,6397x5028 = ?
nvidia/nemotron-3-super-120b-a12b:free,4 dígitos,32164116.0,32164116,32164116,True,True,6397x5028 = ?
dots-3-note-preview:free,4 dígitos,40235404.0,"

40235404",40235404,True,True,7139x5636 = ?
nvidia/nemotron-3.5-lightning:free,4 dígitos,40235404.0,40235404,40235404,True,True,7139x5636 = ?
poolside/laguna-s-2.1:free,4 dígitos,40235404.0,40235404,40235404,True,True,7139x5636 = ?
cohere/north-mini-code:free,4 dígitos,40235404.0,40235404,40235404,True,True,7139x5636 = ?
nvidia/nemotron-3-nano-omni-30b-a3b-reasoning:free,4 dígitos,40235404.0,40235404,40235404,True,True,7139x5636 = ?
minimax/minimax-m2.7:free,4 dígitos,40235404.0,40235404,40235404,True,True,7139x5636 = ?
nvidia/nemotron-3-super-120b-a12b:free,4 dígitos,40235404.0,40235404,40235404,True,True,7139x5636 = ?
dots-3-note-preview:free,4 dígitos,24159168.0,"

24159168",24159168,True,True,5904x4092 = ?
liquid/lfm-2.5-2.6b:free,4 dígitos,24159168.0,24159168,24159168,True,True,5904x4092 = ?
nvidia/nemotron-3.5-lightning:free,4 dígitos,24159168.0,24159168,24159168,True,True,5904x4092 = ?
cohere/north-mini-code:free,4 dígitos,24159168.0,24159168,24159168,True,True,5904x4092 = ?
nvidia/nemotron-3-ultra-550b-a55b:free,4 dígitos,24159168.0,24159168,24159168,True,True,5904x4092 = ?
minimax/minimax-m2.7:free,4 dígitos,24159168.0,24159168,24159168,True,True,5904x4092 = ?
nvidia/nemotron-3-super-120b-a12b:free,4 dígitos,24159168.0,24159168,24159168,True,True,5904x4092 = ?
dots-3-note-preview:free,4 dígitos,52164160.0,"

52164160",52164160,True,True,7582x6880 = ?
liquid/lfm-2.5-2.6b:free,4 dígitos,52164160.0,52164160,52164160,True,True,7582x6880 = ?
nvidia/nemotron-3.5-lightning:free,4 dígitos,52164160.0,52164160,52164160,True,True,7582x6880 = ?
poolside/laguna-xs-2.1:free,4 dígitos,52164160.0,52164160,52164160,True,True,7582x6880 = ?
cohere/north-mini-code:free,4 dígitos,52164160.0,52164160,52164160,True,True,7582x6880 = ?
nvidia/nemotron-3-ultra-550b-a55b:free,4 dígitos,52164160.0,52164160,52164160,True,True,7582x6880 = ?
nvidia/nemotron-3-nano-omni-30b-a3b-reasoning:free,4 dígitos,52164160.0,52164160,52164160,True,True,7582x6880 = ?
minimax/minimax-m2.7:free,4 dígitos,52164160.0,52164160,52164160,True,True,7582x6880 = ?
nvidia/nemotron-3-super-120b-a12b:free,4 dígitos,52164160.0,52164160,52164160,True,True,7582x6880 = ?
dots-3-note-preview:free,4 dígitos,50129370.0,"

50129370",50129370,True,True,5703x8790 = ?
liquid/lfm-2.5-2.6b:free,4 dígitos,50029370.0,50029370,50129370,False,True,5703x8790 = ?
nvidia/nemotron-3.5-lightning:free,4 dígitos,50129370.0,50129370,50129370,True,True,5703x8790 = ?
cohere/north-mini-code:free,4 dígitos,50129370.0,50129370,50129370,True,True,5703x8790 = ?
nvidia/nemotron-3-ultra-550b-a55b:free,4 dígitos,50129370.0,50129370,50129370,True,True,5703x8790 = ?
nvidia/nemotron-3-nano-omni-30b-a3b-reasoning:free,4 dígitos,5.703879057038792e+268,"We need to compute 5703 * 8790. Let's calculate.

5703 * 8790 = 5703 * (879 * 10) = (5703 * 879) * 10.

Compute 5703 * 879.

We can do 5703 * 800 = 5703*8*100 = (5703*8)=45624, then *100 = 4,562,400.

5703 * 70 = 5703*7*10 = (5703*7)=39921, then *10 = 399,210.

5703 * 9 = 5703*9 = 51327.

Now sum: 4,562,400 + 399,210 = 4,961,610. Add 51,327 = 5,012,937.

So 5703 * 879 = 5,012,937.

Now multiply by 10: 50,129,370.

Check: maybe we missed something: 8790 = 8000 + 700 + 90? Wait 8790 = 8000 + 700 + 90? Actually 8000+700+90 = 8790. Let's verify using alternative method to ensure correctness.

Compute 5703 * 8790 directly: 5703 * 8790 = 5703 * (8000 + 700 + 90).

- 5703 * 8000 = 5703*8*1000 = 45,624 *1
<unk><unk><unk><unk><unk><unk><unk><unk><unk><unk><unk><unk><unk><unk><unk><unk><unk><unk><unk><unk><unk><unk><unk><unk><unk><unk><unk><unk><unk><unk><unk><unk><unk><unk><unk><unk><unk><unk><unk><unk><unk><unk><unk><unk><unk><unk><unk><unk><unk><unk><unk><unk><unk><unk><unk><unk><unk><unk><unk><unk><unk><unk><unk><unk><unk><unk><unk><unk><unk><unk><unk><unk><unk><unk><unk><unk><unk><unk><unk><unk><unk><unk><unk><unk><unk><unk><unk><unk><unk><unk><unk><unk><unk><unk><unk><unk><unk><unk><unk><unk><unk><unk><unk><unk><unk><unk><unk><unk><unk><unk><unk><unk><unk><unk><unk><unk><unk><unk><unk><unk><unk><unk><unk><unk><unk><unk><unk><unk><unk><unk><unk><unk><unk><unk><unk><unk><unk><unk><unk><unk><unk><unk><unk><unk><unk><unk><unk><unk><unk><unk><unk><unk><unk><unk><unk><unk><unk><unk><unk><unk><unk><unk><unk><unk><unk><unk><unk><unk><unk><unk><unk><unk><unk><unk><unk><unk><unk><unk><unk><unk><unk><unk><unk><unk><unk><unk><unk><unk><unk><unk><unk><unk><unk><unk><unk><unk><unk><unk><unk><unk><unk><unk><unk><unk><unk><unk><unk><unk><unk><unk><unk><unk><unk><unk><unk><unk><unk><unk><unk><unk><unk><unk><unk><unk><unk><unk><unk><unk><unk><unk><unk><unk><unk><unk><unk><unk><unk><unk><unk><unk><unk><unk><unk><unk><unk><unk><unk><unk><unk><unk><unk><unk><unk><unk><unk><unk><unk><unk><unk><unk><unk><unk><unk><unk><unk><unk><unk><unk><unk><unk><unk><unk><unk><unk><unk><unk><unk><unk><unk><unk><unk><unk><unk><unk><unk><unk><unk><unk><unk><unk><unk><unk><unk><unk><unk><unk><unk><unk><unk><unk><unk><unk><unk><unk><unk><unk><unk><unk><unk><unk><unk><unk><unk><unk><unk><unk><unk><unk><unk><unk><unk><unk><unk><unk><unk><unk><unk><unk><unk><unk><unk><unk><unk><unk><unk><unk><unk><unk><unk><unk><unk><unk><unk><unk><unk><unk><unk><unk><unk><unk><unk><unk><unk><unk><unk><unk><unk><unk><unk><unk><unk><unk><unk><unk><unk><unk><unk><unk><unk><unk><unk><unk><unk><unk><unk><unk><unk><unk><unk><unk><unk><unk><unk><unk><unk><unk><unk><unk><unk><unk><unk><unk><unk><unk><unk><unk><unk><unk><unk><unk><unk><unk><unk><unk><unk><unk><unk><unk><unk><unk><unk><unk><unk><unk><unk><unk><unk><unk><unk><unk><unk><unk><unk><unk><unk><unk><unk><unk><unk><unk><unk><unk><unk><unk><unk><unk><unk><unk><unk><unk><unk><unk><unk><unk><unk><unk><unk><unk><unk><unk><unk><unk><unk><unk><unk><unk><unk><unk><unk><unk><unk><unk><unk><unk><unk><unk><unk><unk><unk><unk><unk><unk><unk><unk><unk><unk><unk><unk><unk><unk><unk><unk><unk><unk><unk><unk><unk><unk><unk><unk><unk><unk><unk><unk><unk><unk><unk><unk><unk><unk><unk><unk><unk><unk><unk><unk><unk><unk><unk><unk><unk><unk><unk><unk><unk><unk><unk><unk><unk><unk><unk><unk><unk><unk><unk><unk><unk><unk><unk><unk><unk><unk><unk><unk><unk><unk><unk><unk><unk><unk><unk><unk><unk><unk><unk><unk><unk><unk><unk><unk><unk><unk><unk><unk><unk><unk><unk><unk><unk><unk><unk><unk><unk><unk><unk><unk><unk><unk><unk><unk><unk><unk><unk><unk><unk><unk><unk><unk><unk><unk><unk><unk><unk><unk><unk><unk><unk><unk><unk><unk><unk><unk><unk><unk><unk><unk><unk><unk><unk><unk><unk><unk><unk><unk><unk><unk><unk><unk><unk><unk><unk><unk><unk><unk><unk><unk><unk><unk><unk><unk><unk><unk><unk><unk><unk><unk><unk><unk><unk><unk><unk><unk><unk><unk><unk><unk><unk><unk><unk><unk><unk><unk><unk><unk><unk><unk><unk><unk><unk><unk><unk><unk><unk><unk><unk><unk><unk><unk><unk><unk><unk><unk><unk><unk><unk><unk><unk><unk><unk><unk><unk><unk><unk><unk><unk><unk><unk><unk><unk><unk><unk><unk><unk><unk><unk><unk><unk><unk><unk><unk><unk><unk><unk><unk><unk><unk><unk><unk><unk><unk><unk><unk><unk><unk><unk><unk><unk><unk><unk><unk><unk><unk><unk><unk><unk><unk><unk><unk><unk><unk><unk><unk><unk><unk><unk><unk><unk><unk><unk><unk><unk><unk><unk><unk><unk><unk><unk><unk><unk><unk><unk><unk><unk><unk><unk><unk><unk><unk><unk><unk><unk><unk><unk><unk><unk><unk><unk><unk><unk><unk><unk><unk><unk><unk><unk><unk><unk><unk><unk><unk><unk><unk><unk><unk><unk><unk><unk><unk><unk><unk><unk><unk><unk><unk><unk><unk><unk><unk><unk><unk><unk><unk><unk><unk><unk><unk><unk><unk><unk><unk><unk><unk><unk><unk><unk><unk><unk><unk><unk><unk><unk><unk><unk><unk><unk><unk><unk><unk><unk><unk><unk><unk><unk><unk><unk><unk><unk><unk><unk><unk><unk><unk><unk><unk><unk><unk><unk><unk><unk><unk><unk><unk><unk><unk><unk><unk><unk><unk><unk><unk><unk><unk><unk><unk><unk><unk><unk><unk><unk><unk><unk><unk><unk><unk><unk><unk><unk><unk><unk><unk><unk><unk><unk><unk><unk><unk><unk><unk><unk><unk><unk><unk><unk><unk><unk><unk><unk><unk><unk><unk><unk><unk><unk><unk><unk><unk><unk><unk><unk><unk><unk><unk><unk><unk><unk><unk><unk><unk><unk><unk><unk><unk><unk><unk><unk><unk><unk><unk><unk><unk><unk><unk><unk><unk><unk><unk><unk><unk><unk><unk><unk><unk><unk><unk><unk><unk><unk><unk><unk><unk><unk><unk><unk><unk><unk><unk><unk><unk><unk><unk><unk><unk><unk><unk><unk><unk><unk><unk><unk><unk><unk><unk><unk><unk><unk><unk><unk><unk><unk><unk><unk><unk><unk><unk><unk><unk><unk><unk><unk><unk><unk><unk><unk><unk><unk><unk><unk><unk><unk><unk><unk><unk><unk><unk><unk><unk><unk><unk><unk><unk><unk><unk><unk><unk><unk><unk><unk><unk><unk><unk><unk><unk><unk><unk><unk><unk><unk><unk><unk><unk><unk><unk><unk><unk><unk><unk><unk><unk><unk><unk><unk><unk><unk><unk><unk><unk><unk><unk><unk><unk><unk><unk><unk><unk><unk><unk><unk><unk><unk><unk><unk><unk><unk><unk><unk><unk><unk><unk><unk><unk><unk><unk><unk><unk><unk><unk><unk><unk><unk><unk><unk><unk><unk><unk><unk><unk><unk><unk><unk><unk><unk><unk><unk><unk><unk><unk><unk><unk><unk><unk><unk><unk><unk><unk><unk><unk><unk><unk><unk><unk><unk><unk><unk><unk><unk><unk><unk><unk><unk><unk><unk><unk><unk><unk><unk><unk><unk><unk><unk><unk><unk><unk><unk><unk><unk><unk><unk><unk><unk><unk><unk><unk><unk><unk><unk><unk><unk><unk><unk><unk><unk><unk><unk><unk><unk><unk><unk><unk><unk><unk><unk><unk><unk><unk><unk><unk><unk><unk><unk><unk><unk><unk><unk><unk><unk><unk><unk><unk><unk><unk><unk><unk><unk><unk><unk><unk><unk><unk><unk><unk><unk><unk><unk><unk><unk><unk><unk><unk><unk><unk><unk><unk><unk><unk><unk><unk><unk><unk><unk><unk><unk><unk><unk><unk><unk><unk><unk><unk><unk><unk><unk><unk><unk><unk><unk><unk><unk><unk><unk><unk><unk><unk><unk><unk><unk><unk><unk><unk><unk><unk><unk><unk><unk><unk><unk><unk><unk><unk><unk><unk><unk><unk><unk><unk><unk><unk><unk><unk><unk><unk><unk><unk><unk><unk><unk><unk><unk><unk><unk><unk><unk><unk><unk><unk><unk><unk><unk><unk><unk><unk><unk><unk><unk><unk><unk><unk><unk><unk><unk><unk><unk><unk><unk><unk><unk><unk><unk><unk><unk><unk><unk><unk><unk><unk><unk><unk><unk><unk><unk><unk><unk><unk><unk><unk><unk><unk><unk><unk><unk><unk><unk><unk><unk><unk><unk><unk><unk><unk><unk><unk><unk><unk><unk><unk><unk><unk><unk><unk><unk><unk><unk><unk><unk><unk><unk><unk><unk><unk><unk><unk><unk><unk><unk><unk><unk><unk><unk><unk><unk><unk><unk><unk><unk><unk><unk><unk><unk><unk><unk><unk><unk><unk><unk><unk><unk><unk><unk><unk><unk><unk><unk><unk><unk><unk><unk><unk><unk><unk><unk><unk><unk><unk><unk><unk><unk><unk><unk><unk><unk><unk><unk><unk><unk><unk><unk><unk><unk><unk><unk><unk><unk><unk><unk><unk><unk><unk><unk><unk><unk><unk><unk><unk><unk><unk><unk><unk><unk><unk><unk><unk><unk><unk><unk><unk><unk><unk><unk><unk><unk><unk><unk><unk><unk><unk><unk><unk><unk><unk><unk><unk><unk><unk><unk><unk><unk><unk><unk><unk><unk><unk><unk><unk><unk><unk><unk><unk><unk><unk><unk><unk><unk><unk><unk><unk><unk><unk><unk><unk><unk><unk><unk><unk><unk><unk><unk><unk><unk><unk><unk><unk><unk><unk><unk><unk><unk><unk><unk><unk><unk><unk><unk><unk><unk><unk><unk><unk><unk><unk><unk><unk><unk><unk><unk><unk><unk><unk><unk><unk><unk><unk><unk><unk><unk><unk><unk><unk><unk><unk><unk><unk><unk><unk><unk><unk><unk><unk><unk><unk><unk><unk><unk><unk><unk><unk><unk><unk><unk><unk><unk><unk><unk><unk><unk><unk><unk><unk><unk><unk><unk><unk><unk><unk><unk><unk><unk><unk><unk><unk><unk><unk><unk><unk><unk><unk><unk><unk><unk><unk><unk><unk><unk><unk><unk><unk><unk><unk><unk><unk><unk><unk><unk><unk><unk><unk><unk><unk><unk><unk><unk><unk><unk><unk><unk><unk><unk><unk><unk><unk><unk><unk><unk><unk><unk><unk><unk><unk><unk><unk><unk><unk><unk><unk><unk><unk><unk><unk><unk><unk><unk><unk><unk><unk><unk><unk><unk><unk><unk><unk><unk><unk><unk><unk><unk><unk><unk><unk><unk><unk><unk><unk><unk><unk><unk><unk><unk><unk><unk><unk><unk><unk><unk><unk><unk><unk><unk><unk><unk><unk><unk><unk><unk><unk><unk><unk><unk><unk><unk><unk><unk><unk><unk><unk><unk><unk><unk><unk><unk><unk><unk><unk><unk><unk><unk><unk><unk><unk><unk><unk><unk><unk><unk><unk><unk><unk><unk><unk><unk><unk><unk><unk><unk><unk><unk><unk><unk><unk><unk><unk><unk><unk><unk><unk><unk><unk><unk><unk><unk><unk><unk><unk><unk><unk><unk><unk><unk><unk><unk><unk><unk><unk><unk><unk><unk><unk><unk><unk><unk><unk><unk><unk><unk><unk><unk><unk><unk><unk><unk><unk><unk><unk><unk><unk><unk><unk><unk><unk><unk><unk><unk><unk><unk><unk><unk><unk><unk><unk><unk><unk><unk><unk><unk><unk><unk><unk><unk><unk><unk><unk><unk><unk><unk><unk><unk><unk><unk><unk><unk><unk><unk><unk><unk><unk><unk><unk><unk><unk><unk><unk><unk><unk><unk><unk><unk><unk><unk><unk><unk><unk><unk><unk><unk><unk><unk><unk><unk><unk><unk><unk><unk><unk><unk><unk><unk><unk><unk><unk><unk><unk><unk><unk><unk><unk><unk><unk><unk><unk><unk><unk><unk><unk><unk><unk><unk><unk><unk><unk><unk><unk><unk><unk><unk><unk><unk><unk><unk><unk><unk><unk><unk><unk><unk><unk><unk><unk><unk><unk><unk><unk><unk><unk><unk><unk><unk><unk><unk><unk><unk><unk><unk><unk><unk><unk><unk><unk><unk><unk><unk><unk><unk><unk><unk><unk><unk><unk><unk><unk><unk><unk><unk><unk><unk><unk><unk><unk><unk><unk><unk><unk><unk><unk><unk><unk><unk><unk><unk><unk><unk><unk><unk><unk><unk><unk><unk><unk><unk><unk><unk><unk><unk><unk><unk><unk><unk><unk><unk><unk><unk><unk><unk><unk><unk><unk><unk><unk><unk><unk><unk><unk><unk><unk><unk><unk><unk><unk><unk><unk><unk><unk><unk><unk><unk><unk><unk><unk><unk><unk><unk><unk><unk><unk><unk><unk><unk><unk><unk><unk><unk><unk><unk><unk><unk><unk><unk><unk><unk><unk><unk><unk><unk><unk><unk><unk>",50129370,False,False,5703x8790 = ?
minimax/minimax-m2.7:free,4 dígitos,50129370.0,50129370,50129370,True,True,5703x8790 = ?
nvidia/nemotron-3-super-120b-a12b:free,4 dígitos,50129370.0,50129370,50129370,True,True,5703x8790 = ?
dots-3-note-preview:free,4 dígitos,34093327.0,"

34093327",34093327,True,True,3599x9473 = ?
liquid/lfm-2.5-2.6b:free,4 dígitos,34093327.0,34093327,34093327,True,True,3599x9473 = ?
nvidia/nemotron-3.5-lightning:free,4 dígitos,34093327.0,34093327,34093327,True,True,3599x9473 = ?
cohere/north-mini-code:free,4 dígitos,34093327.0,34093327,34093327,True,True,3599x9473 = ?
nvidia/nemotron-3-ultra-550b-a55b:free,4 dígitos,34093327.0,34093327,34093327,True,True,3599x9473 = ?
minimax/minimax-m2.7:free,4 dígitos,34093327.0,34093327,34093327,True,True,3599x9473 = ?
nvidia/nemotron-3-super-120b-a12b:free,4 dígitos,34093327.0,34093327,34093327,True,True,3599x9473 = ?
dots-3-note-preview:free,4 dígitos,14155617.0,"

14155617",14155617,True,True,1687x8391 = ?
poolside/laguna-s-2.1:free,4 dígitos,5904409224159168.0,5904 × 4092 = 24159168,24159168,False,True,5904x4092 = ?
google/gemma-4-26b-a4b-it:free,4 dígitos,52174160.0,52174160,52164160,False,True,7582x6880 = ?
poolside/laguna-s-2.1:free,4 dígitos,50129370.0,50129370,50129370,True,True,5703x8790 = ?
google/gemma-4-26b-a4b-it:free,4 dígitos,34095327.0,34095327,34093327,False,True,3599x9473 = ?
nvidia/nemotron-3.5-lightning:free,4 dígitos,14155617.0,14155617,14155617,True,True,1687x8391 = ?
cohere/north-mini-code:free,4 dígitos,14155617.0,14155617,14155617,True,True,1687x8391 = ?
nvidia/nemotron-3-ultra-550b-a55b:free,4 dígitos,14155617.0,14155617,14155617,True,True,1687x8391 = ?
nvidia/nemotron-3-nano-omni-30b-a3b-reasoning:free,4 dígitos,14155617.0,14155617,14155617,True,True,1687x8391 = ?
minimax/minimax-m2.7:free,4 dígitos,14155617.0,14155617,14155617,True,True,1687x8391 = ?
nvidia/nemotron-3-super-120b-a12b:free,4 dígitos,14155617.0,14155617,14155617,True,True,1687x8391 = ?
dots-3-note-preview:free,4 dígitos,16144800.0,"

16144800",16144800,True,True,7688x2100 = ?
liquid/lfm-2.5-2.6b:free,4 dígitos,16144800.0,16144800,16144800,True,True,7688x2100 = ?
nvidia/nemotron-3.5-lightning:free,4 dígitos,16144800.0,16144800,16144800,True,True,7688x2100 = ?
poolside/laguna-xs-2.1:free,4 dígitos,50129370.0,50129370,50129370,True,True,5703x8790 = ?
poolside/laguna-xs-2.1:free,4 dígitos,34093327.0,34093327,34093327,True,True,3599x9473 = ?
cohere/north-mini-code:free,4 dígitos,16144800.0,16144800,16144800,True,True,7688x2100 = ?
nvidia/nemotron-3-ultra-550b-a55b:free,4 dígitos,16144800.0,16144800,16144800,True,True,7688x2100 = ?
nvidia/nemotron-3-nano-omni-30b-a3b-reasoning:free,4 dígitos,16144800.0,16144800,16144800,True,True,7688x2100 = ?
minimax/minimax-m2.7:free,4 dígitos,16144800.0,16144800,16144800,True,True,7688x2100 = ?
nvidia/nemotron-3-super-120b-a12b:free,4 dígitos,16144800.0,16144800,16144800,True,True,7688x2100 = ?
dots-3-note-preview:free,4 dígitos,27751945.0,"

27751945",27751945,True,True,7085x3917 = ?
nvidia/nemotron-3.5-lightning:free,4 dígitos,27751945.0,27751945,27751945,True,True,7085x3917 = ?
cohere/north-mini-code:free,4 dígitos,27751945.0,27751945,27751945,True,True,7085x3917 = ?
nvidia/nemotron-3-ultra-550b-a55b:free,4 dígitos,27751945.0,27751945,27751945,True,True,7085x3917 = ?
minimax/minimax-m2.7:free,4 dígitos,27751945.0,27751945,27751945,True,True,7085x3917 = ?
nvidia/nemotron-3-super-120b-a12b:free,4 dígitos,27751945.0,27751945,27751945,True,True,7085x3917 = ?
dots-3-note-preview:free,4 dígitos,14171278.0,"

14171278",14171278,True,True,3751x3778 = ?
liquid/lfm-2.5-2.6b:free,4 dígitos,14171778.0,14171778,14171278,False,True,3751x3778 = ?
nvidia/nemotron-3.5-lightning:free,4 dígitos,14171278.0,14171278,14171278,True,True,3751x3778 = ?
cohere/north-mini-code:free,4 dígitos,14171278.0,14171278,14171278,True,True,3751x3778 = ?
nvidia/nemotron-3-ultra-550b-a55b:free,4 dígitos,14171278.0,14171278,14171278,True,True,3751x3778 = ?
minimax/minimax-m2.7:free,4 dígitos,14171278.0,14171278,14171278,True,True,3751x3778 = ?
nvidia/nemotron-3-super-120b-a12b:free,4 dígitos,14171278.0,14171278,14171278,True,True,3751x3778 = ?
dots-3-note-preview:free,4 dígitos,40264479.0,"

40264479",40264479,True,True,9423x4273 = ?
liquid/lfm-2.5-2.6b:free,4 dígitos,40264479.0,40264479,40264479,True,True,9423x4273 = ?
nvidia/nemotron-3.5-lightning:free,4 dígitos,40264479.0,40264479,40264479,True,True,9423x4273 = ?
cohere/north-mini-code:free,4 dígitos,40264479.0,40264479,40264479,True,True,9423x4273 = ?
nvidia/nemotron-3-nano-omni-30b-a3b-reasoning:free,4 dígitos,40264479.0,40264479,40264479,True,True,9423x4273 = ?
poolside/laguna-s-2.1:free,4 dígitos,40264479.0,40264479,40264479,True,True,9423x4273 = ?
minimax/minimax-m2.7:free,4 dígitos,40264479.0,"
40264479",40264479,True,True,9423x4273 = ?
nvidia/nemotron-3-super-120b-a12b:free,4 dígitos,40264479.0,40264479,40264479,True,True,9423x4273 = ?
dots-3-note-preview:free,4 dígitos,19896604.0,"

19896604",19896604,True,True,2326x8554 = ?
nvidia/nemotron-3.5-lightning:free,4 dígitos,19896604.0,19896604,19896604,True,True,2326x8554 = ?
cohere/north-mini-code:free,4 dígitos,19896604.0,19896604,19896604,True,True,2326x8554 = ?
nvidia/nemotron-3-ultra-550b-a55b:free,4 dígitos,19896604.0,19896604,19896604,True,True,2326x8554 = ?
minimax/minimax-m2.7:free,4 dígitos,19896604.0,19896604,19896604,True,True,2326x8554 = ?
nvidia/nemotron-3-super-120b-a12b:free,4 dígitos,19896604.0,19896604,19896604,True,True,2326x8554 = ?
poolside/laguna-xs-2.1:free,4 dígitos,27751945.0,27751945,27751945,True,True,7085x3917 = ?
z-ai/glm-5.2:free,4 dígitos,19896604.0,19896604,19896604,True,True,2326x8554 = ?
dots-3-note-preview:free,4 dígitos,14658397.0,"

14658397",14658397,True,True,4121x3557 = ?
nvidia/nemotron-3.5-lightning:free,4 dígitos,14658397.0,14658397,14658397,True,True,4121x3557 = ?
cohere/north-mini-code:free,4 dígitos,14658397.0,14658397,14658397,True,True,4121x3557 = ?
nvidia/nemotron-3-ultra-550b-a55b:free,4 dígitos,14658397.0,14658397,14658397,True,True,4121x3557 = ?
minimax/minimax-m2.7:free,4 dígitos,14658397.0,14658397,14658397,True,True,4121x3557 = ?
nvidia/nemotron-3-super-120b-a12b:free,4 dígitos,14658397.0,14658397,14658397,True,True,4121x3557 = ?
dots-3-note-preview:free,4 dígitos,49924336.0,"

49924336",49924336,True,True,6616x7546 = ?
nvidia/nemotron-3.5-lightning:free,4 dígitos,49924336.0,49924336,49924336,True,True,6616x7546 = ?
cohere/north-mini-code:free,4 dígitos,49924336.0,49924336,49924336,True,True,6616x7546 = ?
nvidia/nemotron-3-ultra-550b-a55b:free,4 dígitos,49924336.0,49924336,49924336,True,True,6616x7546 = ?
nvidia/nemotron-3-nano-omni-30b-a3b-reasoning:free,4 dígitos,49924336.0,49924336,49924336,True,True,6616x7546 = ?
minimax/minimax-m2.7:free,4 dígitos,49924336.0,49924336,49924336,True,True,6616x7546 = ?
nvidia/nemotron-3-super-120b-a12b:free,4 dígitos,49924336.0,49924336,49924336,True,True,6616x7546 = ?
dots-3-note-preview:free,4 dígitos,9623454.0,"

9623454",9623454,True,True,5007x1922 = ?
liquid/lfm-2.5-2.6b:free,4 dígitos,9623454.0,9623454,9623454,True,True,5007x1922 = ?
nvidia/nemotron-3.5-lightning:free,4 dígitos,9623454.0,9623454,9623454,True,True,5007x1922 = ?
cohere/north-mini-code:free,4 dígitos,9623454.0,9623454,9623454,True,True,5007x1922 = ?
nvidia/nemotron-3-ultra-550b-a55b:free,4 dígitos,9623454.0,9623454,9623454,True,True,5007x1922 = ?
nvidia/nemotron-3-nano-omni-30b-a3b-reasoning:free,4 dígitos,9623454.0,9623454,9623454,True,True,5007x1922 = ?
minimax/minimax-m2.7:free,4 dígitos,9623454.0,9623454,9623454,True,True,5007x1922 = ?
dots-3-note-preview:free,4 dígitos,29048276.0,"

29048276",29048276,True,True,4306x6746 = ?
poolside/laguna-xs-2.1:free,4 dígitos,49924336.0,49924336,49924336,True,True,6616x7546 = ?
nvidia/nemotron-3.5-lightning:free,4 dígitos,29048276.0,29048276,29048276,True,True,4306x6746 = ?
poolside/laguna-s-2.1:free,4 dígitos,29048276.0,29048276,29048276,True,True,4306x6746 = ?
cohere/north-mini-code:free,4 dígitos,29048276.0,29048276,29048276,True,True,4306x6746 = ?
nvidia/nemotron-3-ultra-550b-a55b:free,4 dígitos,29048276.0,29048276,29048276,True,True,4306x6746 = ?
nvidia/nemotron-3-nano-omni-30b-a3b-reasoning:free,4 dígitos,29048276.0,29048276,29048276,True,True,4306x6746 = ?
minimax/minimax-m2.7:free,4 dígitos,29048276.0,29048276,29048276,True,True,4306x6746 = ?
nvidia/nemotron-3-super-120b-a12b:free,4 dígitos,29048276.0,29048276,29048276,True,True,4306x6746 = ?
dots-3-note-preview:free,4 dígitos,29078791.0,"

29078791",29078791,True,True,5201x5591 = ?
liquid/lfm-2.5-2.6b:free,4 dígitos,29078791.0,29078791,29078791,True,True,5201x5591 = ?
nvidia/nemotron-3.5-lightning:free,4 dígitos,29078791.0,29078791,29078791,True,True,5201x5591 = ?
cohere/north-mini-code:free,4 dígitos,29078791.0,29078791,29078791,True,True,5201x5591 = ?
nvidia/nemotron-3-ultra-550b-a55b:free,4 dígitos,29078791.0,29078791,29078791,True,True,5201x5591 = ?
nvidia/nemotron-3-nano-omni-30b-a3b-reasoning:free,4 dígitos,29078791.0,29078791,29078791,True,True,5201x5591 = ?
minimax/minimax-m2.7:free,4 dígitos,29078791.0,"
29078791",29078791,True,True,5201x5591 = ?
nvidia/nemotron-3-super-120b-a12b:free,4 dígitos,29078791.0,29078791,29078791,True,True,5201x5591 = ?
dots-3-note-preview:free,4 dígitos,26851740.0,"

26851740",26851740,True,True,4665x5756 = ?
liquid/lfm-2.5-2.6b:free,4 dígitos,26851740.0,26851740,26851740,True,True,4665x5756 = ?
nvidia/nemotron-3.5-lightning:free,4 dígitos,26851740.0,26851740,26851740,True,True,4665x5756 = ?
cohere/north-mini-code:free,4 dígitos,26851740.0,26851740,26851740,True,True,4665x5756 = ?
nvidia/nemotron-3-ultra-550b-a55b:free,4 dígitos,26853540.0,26853540,26851740,False,True,4665x5756 = ?
nvidia/nemotron-3-nano-omni-30b-a3b-reasoning:free,4 dígitos,26851740.0,26851740,26851740,True,True,4665x5756 = ?
minimax/minimax-m2.7:free,4 dígitos,26851740.0,26851740,26851740,True,True,4665x5756 = ?
nvidia/nemotron-3-super-120b-a12b:free,4 dígitos,26851740.0,26851740,26851740,True,True,4665x5756 = ?
dots-3-note-preview:free,4 dígitos,49560518.0,"

49560518",49560518,True,True,9986x4963 = ?
nvidia/nemotron-3.5-lightning:free,4 dígitos,49560518.0,49560518,49560518,True,True,9986x4963 = ?
cohere/north-mini-code:free,4 dígitos,49560518.0,49560518,49560518,True,True,9986x4963 = ?
minimax/minimax-m2.7:free,4 dígitos,49560518.0,49560518,49560518,True,True,9986x4963 = ?
dots-3-note-preview:free,4 dígitos,46410404.0,"

46410404",46410404,True,True,9487x4892 = ?
liquid/lfm-2.5-2.6b:free,4 dígitos,46410404.0,46410404,46410404,True,True,9487x4892 = ?
nvidia/nemotron-3.5-lightning:free,4 dígitos,46410404.0,46410404,46410404,True,True,9487x4892 = ?
cohere/north-mini-code:free,4 dígitos,46410404.0,46410404,46410404,True,True,9487x4892 = ?
nvidia/nemotron-3-nano-omni-30b-a3b-reasoning:free,4 dígitos,46410404.0,46410404,46410404,True,True,9487x4892 = ?
minimax/minimax-m2.7:free,4 dígitos,46410404.0,46410404,46410404,True,True,9487x4892 = ?
nvidia/nemotron-3-super-120b-a12b:free,4 dígitos,46410404.0,46410404,46410404,True,True,9487x4892 = ?
dots-3-note-preview:free,4 dígitos,31457514.0,"

31457514",31457514,True,True,9911x3174 = ?
liquid/lfm-2.5-2.6b:free,4 dígitos,31457514.0,31457514,31457514,True,True,9911x3174 = ?
nvidia/nemotron-3.5-lightning:free,4 dígitos,31457514.0,31457514,31457514,True,True,9911x3174 = ?
cohere/north-mini-code:free,4 dígitos,31457514.0,31457514,31457514,True,True,9911x3174 = ?
nvidia/nemotron-3-ultra-550b-a55b:free,4 dígitos,31457514.0,31457514,31457514,True,True,9911x3174 = ?
nvidia/nemotron-3-nano-omni-30b-a3b-reasoning:free,4 dígitos,31457514.0,31457514,31457514,True,True,9911x3174 = ?
google/gemma-4-31b-it:free,4 dígitos,29049276.0,29049276,29048276,False,True,4306x6746 = ?
poolside/laguna-s-2.1:free,4 dígitos,29078791.0,29078791,29078791,True,True,5201x5591 = ?
poolside/laguna-xs-2.1:free,4 dígitos,29078791.0,29078791,29078791,True,True,5201x5591 = ?
poolside/laguna-s-2.1:free,4 dígitos,49560518.0,49560518,49560518,True,True,9986x4963 = ?
poolside/laguna-xs-2.1:free,4 dígitos,49560518.0,49560518,49560518,True,True,9986x4963 = ?
minimax/minimax-m2.7:free,4 dígitos,31457514.0,31457514,31457514,True,True,9911x3174 = ?
nvidia/nemotron-3-super-120b-a12b:free,4 dígitos,31457514.0,31457514,31457514,True,True,9911x3174 = ?
dots-3-note-preview:free,4 dígitos,16326560.0,"

16326560",16326560,True,True,5360x3046 = ?
liquid/lfm-2.5-2.6b:free,4 dígitos,16326560.0,16326560,16326560,True,True,5360x3046 = ?
nvidia/nemotron-3.5-lightning:free,4 dígitos,16326560.0,16326560,16326560,True,True,5360x3046 = ?
cohere/north-mini-code:free,4 dígitos,16326560.0,16326560,16326560,True,True,5360x3046 = ?
nvidia/nemotron-3-ultra-550b-a55b:free,4 dígitos,16326560.0,16326560,16326560,True,True,5360x3046 = ?
nvidia/nemotron-3-nano-omni-30b-a3b-reasoning:free,4 dígitos,16326560.0,16326560,16326560,True,True,5360x3046 = ?
minimax/minimax-m2.7:free,4 dígitos,16326560.0,16326560,16326560,True,True,5360x3046 = ?
nvidia/nemotron-3-super-120b-a12b:free,4 dígitos,16326560.0,16326560,16326560,True,True,5360x3046 = ?
dots-3-note-preview:free,4 dígitos,8833622.0,"

8833622",8833622,True,True,2282x3871 = ?
nvidia/nemotron-3.5-lightning:free,4 dígitos,8833622.0,8833622,8833622,True,True,2282x3871 = ?
cohere/north-mini-code:free,4 dígitos,8833622.0,8833622,8833622,True,True,2282x3871 = ?
nvidia/nemotron-3-ultra-550b-a55b:free,4 dígitos,8833622.0,8833622,8833622,True,True,2282x3871 = ?
nvidia/nemotron-3-nano-omni-30b-a3b-reasoning:free,4 dígitos,8833622.0,8833622,8833622,True,True,2282x3871 = ?
minimax/minimax-m2.7:free,4 dígitos,8833622.0,8833622,8833622,True,True,2282x3871 = ?
nvidia/nemotron-3-super-120b-a12b:free,4 dígitos,8833622.0,8833622,8833622,True,True,2282x3871 = ?
dots-3-note-preview:free,4 dígitos,4506420.0,"

4506420",4506420,True,True,1180x3819 = ?
liquid/lfm-2.5-2.6b:free,4 dígitos,4506420.0,4506420,4506420,True,True,1180x3819 = ?
nvidia/nemotron-3.5-lightning:free,4 dígitos,4506420.0,4506420,4506420,True,True,1180x3819 = ?
cohere/north-mini-code:free,4 dígitos,4506420.0,4506420,4506420,True,True,1180x3819 = ?
nvidia/nemotron-3-ultra-550b-a55b:free,4 dígitos,4506420.0,4506420,4506420,True,True,1180x3819 = ?
nvidia/nemotron-3-nano-omni-30b-a3b-reasoning:free,4 dígitos,4506420.0,4506420,4506420,True,True,1180x3819 = ?
nvidia/nemotron-3-super-120b-a12b:free,4 dígitos,4506420.0,4506420,4506420,True,True,1180x3819 = ?
dots-3-note-preview:free,4 dígitos,16943960.0,"

16943960",16943960,True,True,4367x3880 = ?
liquid/lfm-2.5-2.6b:free,4 dígitos,16943960.0,16943960,16943960,True,True,4367x3880 = ?
nvidia/nemotron-3.5-lightning:free,4 dígitos,16943960.0,16943960,16943960,True,True,4367x3880 = ?
cohere/north-mini-code:free,4 dígitos,16943960.0,16943960,16943960,True,True,4367x3880 = ?
nvidia/nemotron-3-nano-omni-30b-a3b-reasoning:free,4 dígitos,16943960.0,16943960,16943960,True,True,4367x3880 = ?
minimax/minimax-m2.7:free,4 dígitos,16943960.0,16943960,16943960,True,True,4367x3880 = ?
nvidia/nemotron-3-super-120b-a12b:free,4 dígitos,16943960.0,16943960,16943960,True,True,4367x3880 = ?
dots-3-note-preview:free,4 dígitos,56962950.0,"

56962950",56962950,True,True,6325x9006 = ?
liquid/lfm-2.5-2.6b:free,4 dígitos,56962950.0,56962950,56962950,True,True,6325x9006 = ?
nvidia/nemotron-3.5-lightning:free,4 dígitos,56962950.0,56962950,56962950,True,True,6325x9006 = ?
cohere/north-mini-code:free,4 dígitos,56962950.0,56962950,56962950,True,True,6325x9006 = ?
nvidia/nemotron-3-ultra-550b-a55b:free,4 dígitos,56962950.0,56962950,56962950,True,True,6325x9006 = ?
nvidia/nemotron-3-nano-omni-30b-a3b-reasoning:free,4 dígitos,56962950.0,56962950,56962950,True,True,6325x9006 = ?
